"ID","Title","Content","Category","MediaURL"
"Page_01","Σελίδα 1","ΥΠΟΥΡΓΕΙΟ ΠΑΙΔΕΙΑΣ ΚΑΙ ΘΡΗΣΚΕΥΜΑΤΩΝ
ΙΝΣΤΙΤΟΥΤΟ ΕΚΠΑΙΔΕΥΤΙΚΗΣ ΠΟΛΙΤΙΚΗΣ
Θρησκευτικά
Ένα ταξίδι ζωής
η συνάντηση Θεού και ανθρώπου
μέσα από τις βιβλικές διηγήσεις
ΙΝΣΤΙΤΟΥΤΟ ΤΕΧΝΟΛΟΓΙΑΣ ΥΠΟΛΟΓΙΣΤΩΝ ΚΑΙ ΕΚΔΟΣΕΩΝ «ΔΙΟΦΑΝΤΟΣ»
Α΄ ΓΥΜΝΑΣΙΟΥ
","Β Λυκείου",""
"Page_02","Σελίδα 2","Θρησκευτικά Α΄ Γυμνασίου
Ένα ταξίδι ζωής:
Η συνάντηση Θεού και ανθρώπου
μέσα από τις βιβλικές διηγήσεις 
","Β Λυκείου",""
"Page_03","Σελίδα 3","Θρησκευτικά Α΄ Γυμνασίου
Ένα ταξίδι ζωής:
Η συνάντηση Θεού και ανθρώπου
μέσα από τις βιβλικές διηγήσεις
Το βιβλίο μαθητή για τη διδασκαλία του Μαθήματος των Θρησκευτικών της Α’ Γυμνασίου βα­
σίστηκε στα παρακάτω:
α. Φάκελος Μαθήματος. Η θρησκεία στη ζωή, στην ιστορία και στον πολιτισμό. Πορεία και
ανάπτυξη. Έντυπο Υλικό στα Θρησκευτικά Α΄ Γυμνασίου, που επιμελήθηκαν οι Όλγα Γρι­
ζοπούλου – Δρ. Θεολογίας, Παναγιώτης Υφαντής – Καθηγητής Τμήματος Θεολογίας ΑΠΘ,
Βάσω Γώγου – Θεολόγος, Φιλόλογος, Απόστολος Μπάρλος – Θεολόγος, MTh Θεολογίας.
β. Φάκελος Μαθήματος. Η θρησκεία στη ζωή, στην ιστορία και στον πολιτισμό. Πορεία μέσα
από αντιθέσεις. Έντυπο Υλικό στα Θρησκευτικά Β’ Γυμνασίου, που επιμελήθηκαν οι Θα­
νάσης Νευροκοπλής – MTh Θεολογίας, Παναγιώτης Υφαντής – Καθηγητής Τμήματος Θε­
ολογίας ΑΠΘ, Λάσκαρης Ιατρόπουλος – MTh Θεολογίας, Ζωή Τερλιμπάκου – Δρ. Θεολο­
γίας, Διονυσία Χατζή – MTh Θεολογίας.
γ. Φάκελος Μαθήματος. Η θρησκεία στη ζωή, στην ιστορία και στον πολιτισμό. Από το τοπικό
στο οικουμενικό. Έντυπο Υλικό στα Θρησκευτικά Γ’ Γυμνασίου, που επιμελήθηκαν οι Γε­
ώργιος Στριλιγκάς – Θεολόγος, Φιλόλογος, Γεώργιος Παπαδόπουλος – Θεολόγος, Φιλόλο­
γος, Αρσένιος Αρσενάκης – ΜΔΕ Θεολογίας, Μαρία Χατζηαποστόλου – Δρ. Θεολογίας.
δ. Θρησκευτικά Α’ Γυμνασίου. Παλαιά Διαθήκη. Προϊστορία του Χριστιανισμού, που επιμε­
λήθηκαν οι Όλγα Γκριζοπούλου – Δρ. Θεολογίας και η Πηγή Καζλάρη – Θεολόγος.
ε. Θρησκευτικά Β’ Γυμνασίου. Καινή Διαθήκη. Ο Ιησούς Χριστός και το έργο του, που επιμε­
λήθηκαν οι Γέωργιος Τσανανάς (†) και Απόστολος Μπάρλος – Master Θεολογίας.
στ. Θέματα από την Αγία Γραφή. Α’ Εκκλησιαστικού Γυμνασίου, που επιμελήθηκαν οι Σωτή­
ριος Δεσπότης – Καθηγητής Τμήματος Κοινωνικής Θεολογίας και Θρησκειολογίας ΕΚΠΑ,
Νικόλαος Παύλου – Δρ. Θεολογίας, Συντονιστής ΕΕ, Αθανάσιος Στογιαννίδης – Επίκουρος
Καθηγητής Τμήματος Θεολογίας ΑΠΘ.
ζ. Σύγχρονα δημοσιευμένα γραπτά και πολυτροπικά κείμενα.
Δημιουργήθηκε με την ευθύνη της άμισθης Επταμελούς Επιστημονικής Επιτροπής, η οποία
συγκροτήθηκε από το ΙΕΠ στις 19/12/2019 με σκοπό:
Α) Εισήγηση για την βέλτιστη δυνατή μεταβατική λύση του ζητήματος με στόχο την πλήρη
συμμόρφωση των Προγραμμάτων Σπουδών του Μαθήματος των Θρησκευτικών με τις απο­
φάσεις του Σ.τ.Ε., για το χρονικό διάστημα που θα απαιτηθεί μέχρι τη συγγραφή και εφαρ­
μογή των νέων Προγραμμάτων Σπουδών και του αντιστοίχου διδακτικού υλικού για το Μά­
θημα των Θρησκευτικών
Β) Εισήγηση για τους τρόπους και τις μεθόδους εφαρμογής των αποφάσεων του Σ.τ.Ε., του
ΕΔΔΑ και της ΑΠΔΠΧ, όσον αφορά σε όλες τις υπόλοιπες πτυχές των αποφάσεων αυτών
που συνδέονται με το Μάθημα των Θρησκευτικών, με έμφαση στη διατήρηση της υποχρε­
ωτικότητας του Μαθήματος και τη διαδικασία απαλλαγής των μαθητών/μαθητριών
Εικονογράφηση εξωφύλλου: Μπάμπης Πυλαρινός (Global party / Ακρυλικό σε καμβά)
Την ευθύνη για την επιμέλεια του παρόντος βιβλίου είχε ως μέλος της επιτροπής ο Αθανάσιος
Στογιαννίδης, Επίκουρος Καθηγητής Τμήματος Θεολογίας ΑΠΘ.
","Β Λυκείου",""
"Page_04","Σελίδα 4","ΥΠΟΥΡΓΕΙΟ ΠΑΙΔΕΙΑΣ ΚΑΙ ΘΡΗΣΚΕΥΜΑΤΩΝ 
ΙΝΣΤΙΤΟΥΤΟ ΕΚΠΑΙΔΕΥΤΙΚΗΣ ΠΟΛΙΤΙΚΗΣ
Θρησκευτικά Α΄ Γυμνασίου
Βιβλίο Μαθητή
ΙΝΣΤΙΤΟΥΤΟ ΤΕΧΝΟΛΟΓΙΑΣ ΥΠΟΛΟΓΙΣΤΩΝ ΚΑΙ ΕΚΔΟΣΕΩΝ «ΔΙΟΦΑΝΤΟΣ» 
ΑΘΗΝΑ
","Β Λυκείου",""
"Page_05","Σελίδα 5","","Β Λυκείου",""
"Page_06","Σελίδα 6","","Β Λυκείου",""
"Page_07","Σελίδα 7","Α’ ΘΕΜΑΤΙΚΗ ΕΝΟΤΗΤΑ
Η Αγία Γραφή:
Η συνάντηση Θεού και ανθρώπου 
καταγράφεται σε κείμενα
Η Βίβλος του Γουτεμβέργιου
6
","Β Λυκείου",""
"Page_08","Σελίδα 8","Αρχίζοντας τη φοίτησή σας σε μια νέα σχολική κοινότητα, το Γυμνάσιο, βρίσκεστε μπρο­
στά σε πολλές αλλαγές και νέες απαιτήσεις. Για να μεταμορφώσετε αυτήν τη νέα πραγ­
ματικότητα σε πολύτιμη εμπειρία, θα χρειαστείτε έμπνευση, δύναμη, καλή οργάνωση
και, το κυριότερο, ενότητα και πνεύμα συνεργασίας. Να είστε όλοι μαζί! Ο καθένας για
όλους και όλοι για τον καθένα σε αυτό το καινούριο ταξίδι που αρχίζει φέτος. 
Η Ορθόδοξη Εκκλησία θεμελιώνεται στην Αγία Γραφή. Εκεί καταγράφονται οι εμπειρίες
της συνάντησης Θεού και ανθρώπου. Μέσα στα πολύτιμα κείμενά της, μαθαίνουμε για
τον τρόπο με τον οποίον ο Θεός δρα μέσα στην ιστορία του ανθρώπου, προσφέροντας
ζωή! 
Στη θεματική αυτή ενότητα, αρχικά θα μοιραστείτε τις δικές σας εμπειρίες στη νέα φά­
ση ζωής που αρχίζετε. Αυτό θα βοηθήσει στη συνέχεια να κατανοήσετε ορισμένα βασι­
κά ερωτήματα που μας παρουσιάζει η Αγία Γραφή. 
1. Το πέρασμα σε μια νέα σχολική κοινότητα, ένα καινούριο κύκλο ζωής
2. Ο Θεός συναντά τον άνθρωπο, για να του προσφέρει ζωή! Οι εμπειρίες της συνά­
ντησης καταγράφονται στις βιβλικές διηγήσεις
3. Αγία Γραφή: Μια ολόκληρη βιβλιοθήκη
7
Εισαγωγικά
Περιεχόμενα – Διδακτικές Ενότητες
","Β Λυκείου",""
"Page_09","Σελίδα 9","","Β Λυκείου",""
"Page_10","Σελίδα 10","","Β Λυκείου",""
"Page_11","Σελίδα 11","","Β Λυκείου",""
"Page_12","Σελίδα 12","","Β Λυκείου",""
"Page_13","Σελίδα 13","","Β Λυκείου",""
"Page_14","Σελίδα 14","","Β Λυκείου",""
"Page_15","Σελίδα 15","","Β Λυκείου",""
"Page_16","Σελίδα 16","","Β Λυκείου",""
"Page_17","Σελίδα 17","16
Ο Χριστός δίνει το χέρι Του στον Απόστολο Πέτρο 
και τον σώζει από την άβυσσο της θάλασσας
Προτάσεις για εργασίες και δραστηριότητες στην τάξη
1. Σε ένα μεγάλο χαρτί σχεδιάζει ο/η καθηγητής/τριά σας το περίγραμμα μιας ανθρώ­
πινης μορφής. Η μορφή αυτή υποτίθεται ότι αναπαριστά ένα πρόσωπο το οποίο δια­
βάζει την Αγία Γραφή. Κατόπιν, ο/η καθηγητής/τρια αναρτά στον τοίχο το περίγραμ­
μα αυτό. Στη συνέχεια, οι μαθητές καλούνται να γράψουν: α. εντός του περιγράμμα­
τος τις σκέψεις και τα συναισθήματα του απεικονιζόμενου προσώπου, που του γεν­
νιούνται καθώς διαβάζει την Αγία Γραφή. β. εκτός του περιγράμματος τις σκέψεις και
τα συναισθήματα άλλων που παρατηρούν το πρόσωπο αυτό να διαβάζει την Αγία
Γραφή.
2. Συζητήστε με τον/την διπλανό/ή σας το παρακάτω ερώτημα: ­Χρειαζόμαστε την Αγία
Γραφή; Στη συνέχεια ανακοινώστε στην τάξη τα συμπεράσματα της συζήτησης αυτής. 
3. Με τη βοήθεια του/της καθηγητή/τριας θεολόγου αναζητήστε εικόνες ή πίνακες,
στους οποίους αποτυπώνονται οι παρακάτω βιβλικές διηγήσεις: «Κάιν και Άβελ»,
«ο Δεκάλογος», «η άρνηση του Πέτρου». Στη συνέχεια, γράψτε για κάθε εικόνα
έναν σύντομο σχολιασμό ξεκινώντας με τη φράση «Η Αγία Γραφή είναι ένα έργο το
οποίο μιλά για…»
","Β Λυκείου",""
"Page_18","Σελίδα 18","","Β Λυκείου",""
"Page_19","Σελίδα 19","","Β Λυκείου",""
"Page_20","Σελίδα 20","","Β Λυκείου",""
"Page_21","Σελίδα 21","","Β Λυκείου",""
"Page_22","Σελίδα 22","","Β Λυκείου",""
"Page_23","Σελίδα 23","Β’ΘΕΜΑΤΙΚΗ ΕΝΟΤΗΤΑ
Θεός και άνθρωπος
στην Ορθόδοξη Παράδοση:
μια σχέση ζωής
«Κύριε, Σώσόν με»
22
","Β Λυκείου",""
"Page_24","Σελίδα 24","","Β Λυκείου",""
"Page_25","Σελίδα 25","","Β Λυκείου",""
"Page_26","Σελίδα 26","","Β Λυκείου",""
"Page_27","Σελίδα 27","","Β Λυκείου",""
"Page_28","Σελίδα 28","","Β Λυκείου",""
"Page_29","Σελίδα 29","","Β Λυκείου",""
"Page_30","Σελίδα 30","","Β Λυκείου",""
"Page_31","Σελίδα 31","","Β Λυκείου",""
"Page_32","Σελίδα 32","","Β Λυκείου",""
"Page_33","Σελίδα 33","Η ιστορία του Αδάμ και της Εύας
Grandval Bible, fol. 5b References: Backhouse: The Illuminated Page, No. 6 (9ος αι.)
32
","Β Λυκείου",""
"Page_34","Σελίδα 34","","Β Λυκείου",""
"Page_35","Σελίδα 35","","Β Λυκείου",""
"Page_36","Σελίδα 36","","Β Λυκείου",""
"Page_37","Σελίδα 37","","Β Λυκείου",""
"Page_38","Σελίδα 38","","Β Λυκείου",""
"Page_39","Σελίδα 39","","Β Λυκείου",""
"Page_40","Σελίδα 40","","Β Λυκείου",""
"Page_41","Σελίδα 41","Γ’ΘΕΜΑΤΙΚΗ ΕΝΟΤΗΤΑ
Πού είναι ο Θεός; 
Η σχέση ζωής 
περνάει μέσα από δοκιμασίες
Η Κραυγή (Edvard Munch)
40
","Β Λυκείου",""
"Page_42","Σελίδα 42","Όπως είδαμε στην προηγούμενη Θεματική Ενότητα, ο άνθρωπος δημιουργήθηκε κατ’
εικόνα και καθ’ ομοίωση του Θεού. Προικίστηκε από τον Θεό μ’ ένα τόσο σπουδαίο δώ­
ρο! Κι όμως… η ιστορία του ανθρώπινου γένους δείχνει ότι το δώρο αυτό δεν αξιοποι­
είται πάντα με τον σωστό τρόπο. Ο άνθρωπος αποτυγχάνει να βρει την αληθινή ευτυχία
στη ζωή του, όταν αποφασίζει ο ίδιος να διακόψει τη σχέση του με τον Θεό. Γιατί συμ­
βαίνει αυτό άραγε; Και πώς η διακοπή αυτής της σχέσης με τον Θεό οδηγεί σε δυσάρε­
στες συνέπειες; Τα ερωτήματα αυτά θα επεξεργαστούμε στην καινούρια μας Θεματική
Ενότητα. 
8. Το πρόβλημα του κακού στον σύγχρονο κόσμο
9. Η έκφραση της οδύνης στην τέχνη
10. Ποιος ευθύνεται για το κακό; Ποιος μπορεί να μας σώσει από το κακό;
41
Εισαγωγικά
Περιεχόμενα – Διδακτικές Ενότητες
","Β Λυκείου",""
"Page_43","Σελίδα 43","","Β Λυκείου",""
"Page_44","Σελίδα 44","","Β Λυκείου",""
"Page_45","Σελίδα 45","","Β Λυκείου",""
"Page_46","Σελίδα 46","","Β Λυκείου",""
"Page_47","Σελίδα 47","","Β Λυκείου",""
"Page_48","Σελίδα 48","","Β Λυκείου",""
"Page_49","Σελίδα 49","","Β Λυκείου",""
"Page_50","Σελίδα 50","","Β Λυκείου",""
"Page_51","Σελίδα 51","","Β Λυκείου",""
"Page_52","Σελίδα 52","","Β Λυκείου",""
"Page_53","Σελίδα 53","","Β Λυκείου",""
"Page_54","Σελίδα 54","","Β Λυκείου",""
"Page_55","Σελίδα 55","","Β Λυκείου",""
"Page_56","Σελίδα 56","","Β Λυκείου",""
"Page_57","Σελίδα 57","Δ’ ΘΕΜΑΤΙΚΗ ΕΝΟΤΗΤΑ
Ο Θεός γίνεται άνθρωπος:
Το πιο συγκλονιστικό γεγονός 
της ιστορίας του ανθρώπου 
56
Ο Χριστός φέρων τον Σταυρόν
(Δομήνικος Θεοτοκόπουλος)
","Β Λυκείου",""
"Page_58","Σελίδα 58","","Β Λυκείου",""
"Page_59","Σελίδα 59","","Β Λυκείου",""
"Page_60","Σελίδα 60","","Β Λυκείου",""
"Page_61","Σελίδα 61","Κέλσου, Αληθής Λόγος [απόσπασμα από το έργο του Ωριγένη Κατά Κέλσου 2.9]
Πασκάλ Μπρυκνέρ, Η αέναη ευφορία
60
Ο Τάκιτος ( 56­120) ήταν ένας από τους σημαντικότερους Λατίνους ιστορικούς.
Στα δύο μεγάλα του έργα Annales (Χρονικά) και Historiae, εξετάζει την ιστορία
της Ρώμης από τον θάνατο του Αυγούστου (14 μ.Χ.) μέχρι τον θάνατο του Δομι­
τιανού (96 μ.Χ.).
Ο Κέλσος είναι φιλόσοφος του 2ου αιώνα μ.Χ. και συγγραφέας του έργου Αλη­
θής Λόγος. Αν και το έργο του δεν έφτασε ποτέ σε μας στην αρχική του μορφή,
η ανασύνθεσή του σε μεγάλο ποσοστό έγινε μέσα από τη διεξοδική ανασκευή
των επιχειρημάτων του Κέλσου, τα οποία παραθέτει ο Ωριγένης στο απολογητι­
κό του έργο Κατά Κέλσου.
•
Επίσης: Εξωχριστιανικές μαρτυρίες που επιβεβαιώνουν την ιστορικότητα του Ιη­
σού, εντοπίζονται στα έργα του Σαμαρείτη Θαλλού (Thallus), ο οποίος σε χρονι­
κό που γράφτηκε στη Ρώμη περί το 52 μ.Χ. αναφέρει το σκότος κατά τη Σταύ­
ρωση, γεγονός που σώζεται και στη Χρονογραφία του Σέξτου Ιουλίου Αφρικα­
νού (περί το 221 μ.Χ.). Ανάλογες πληροφορίες υπάρχουν στο έργο του Σύρου
στωικού φιλοσόφου Mara Bar Saraplon, ο οποίος σε επιστολή μετά το 73 μ.Χ.
αναφέρει την καταδίκη του Ιησού, καθώς και στου αρχαιοδίφη Γάιου Σουητώνι­
ου (69 ­ μετά το 120 μ.Χ.).
Αν ήταν θεός, δε θα ήταν δυνατόν ούτε να συρθεί δεμένος ούτε πολύ περισσότερο –αυτός,
που θεωρείτο Σωτήρας και Υιός και αγγελιοφόρος του Υψίστου Θεού– να εγκαταλειφθεί
και να παραδοθεί από τους συντρόφους του και αυτούς που τον συναναστρέφονταν και
τον είχαν σαν δάσκαλό τους μακριά απ’ όλους.
ii. Φιλόσοφοι και καλλιτέχνες 
Θάνατος και ανάσταση: ο γιος του Θεού πάνω στο σταυ­
ρό του επικυρώνει την τραγικότητα της ανθρώπινης ύπαρ­
ξης και την ανυψώνει στην υπεράνθρωπη τάξη της ελπί­
δας και της αγάπης. Τα πάθη του επιτρέπουν έτσι στον
κάθε δυστυχισμένο να τα ξαναζήσει στο δικό του επίπεδο
και να συμμετάσχει σε ένα θεμελιακό γεγονός που τον ξε­
περνάει κατά πολύ. Οφείλει να φορτωθεί τον προσωπικό
σταυρό του και να βρει στον Ιησού έναν οδηγό και έναν συμπαραστάτη φίλο.
","Β Λυκείου",""
"Page_62","Σελίδα 62","Πασκάλ Μπρυκνέρ, Το παράδοξο του έρωτα
Μάρτιν Μπούμπερ, Οι δύο τύποι της πίστης
Μαχάτμα Γκάντι, Harijan, 12­6­1937, στο M. K. Gandhi, What Jesus means to me
James E. McEldowney, Μαχάτμα Γκάντι, My Visit with Mahatma Gandhi
61
Ο Πασκάλ Μπρυκνέρ γεννήθηκε στις 15 Δεκεμβρίου 1948 στο Παρίσι. Είναι συγ­
γραφέας και ανήκει στους αποκαλούμενους «νέους Φιλοσόφους» που έγιναν
γνωστοί τις δεκαετίες του ’70 και του ’80. Μεγάλο μέρος του συγγραφικού του
έργου είναι αφιερωμένο στην κριτική της γαλλικής κοινωνίας και του πολιτισμού.
Ο Μάρτιν Μπούμπερ (1878­1965) ήταν Αυστριακός φιλόσοφος εβραϊκής κατα­
γωγής. Στη φιλοσοφία του τόνιζε την αναγκαιότητα επικοινωνίας Θεού και αν­
θρώπου. Στο έργο του διακρίνονται επιδράσεις από τον θρησκευτικό μυστικι­
σμό, την Παλαιά Διαθήκη, τη σύγχρονη ψυχολογία και τον ορθολογισμό.
Τρομερό το αίνιγμα αυτής της εντολής: «Αγάπα τον πλησίον σου ως σεαυτόν». Προφανής
ο παραλογισμός: είτε αγαπάμε τον εαυτό μας σε βάρος των άλλων, είτε αγαπάμε τους άλ­
λους εις βάρος του εαυτού μας. Θα έπρεπε λοιπόν να λατρεύουμε ασυγκράτητα τον εαυτό
μας, για να υπερχειλίζει η αγάπη μας προς τους άλλους.
Από τα νιάτα μου αισθανόμουνα τον Ιησού ως μεγάλο αδελφό. Το ότι ο Χριστιανισμός τον
θεωρούσε και τον θεωρεί και σωτήρα, μου φαινόταν πάντοτε ένα γεγονός μεγάλης σοβα­
ρότητας, την οποία πρέπει να κατανοήσω για χάρη του και για δική μου χάρη. Αυτά τα
αδελφικά και φιλικά αισθήματά μου δυνάμωσαν με τον χρόνο και έγιναν όλο και πιο αγνά,
και σήμερα τον βλέπω με πιο δυνατή και πιο αγνή ματιά από ποτέ. Μου είναι πιο βέβαιο
από ποτέ ότι του ανήκει μια μεγάλη θέση στην ιστορία της θρησκείας του Ισραήλ.
Ο Ιησούς δεν κήρυξε μια νέα θρησκεία, αλλά ένα νέο τρόπο ζωής. Ο Ιησούς είναι αυτός
που είπε: «Στη βασιλεία του Θεού δε θα μπει όποιος μου λέει “Κύριε, Κύριε”, αλλά όποιος
κάνει το θέλημα του ουράνιου Πατέρα μου».
Ο Ιησούς έζησε και πέθανε μάταια, αν δε μας δίδαξε να ρυθμίζουμε ολόκληρη τη ζωή μας
σύμφωνα με τον αιώνιο Νόμο της Αγάπης.
Έχω μεγάλο σεβασμό για τον Χριστιανισμό. Έχω διαβάσει πολλές φορές την Επί του Όρους
Ομιλία και έχω κερδίσει πολλά από αυτό. Δε γνωρίζω κανέναν που να έχει κάνει περισσό­
τερα για την ανθρωπότητα από τον Ιησού. Στην πραγματικότητα, δεν υπάρχει τίποτα λάθος
με τον Χριστιανισμό, το πρόβλημα είναι με εσάς, τους Χριστιανούς.
","Β Λυκείου",""
"Page_63","Σελίδα 63","Τάσος Λειβαδίτης, Ο αδελφός Ιησούς
Τάσος Λειβαδίτης, Ο αδελφός Ιησούς
62
Ο Μοχάντας Καραμτσάντ Γκάντι (1869­1948) ήταν Ινδός πολιτικός, στοχαστής,
ακτιβιστής και επαναστάτης. Υπήρξε η κεντρική μορφή του εθνικού κινήματος
για την ινδική ανεξαρτησία και εμπνευστής της μεθόδου παθητικής αντίστασης
χωρίς τη χρήση βίας έναντι των καταπιεστών. Η διδασκαλία του επηρέασε το
διεθνές κίνημα για την ειρήνη και μαζί με τον ασκητικό βίο του συνέτειναν στο
να καταστεί παγκόσμιο σύμβολο και ορόσημο της φιλοσοφικής και κοινωνικο­
πολιτικής διανόησης του 20ού αιώνα.
Πιστεύω στα δισταχτικά αδέξια βήματα των ταπεινών και στον Χριστό που διασχίζει την
Ιστορία.
Ευαγγελισμός
Ήταν βέβαια πάντα λίγο παράξενος, έμενε στο διπλανό δωμάτιο, όμως εκείνη τη νύχτα
βγήκε στο δρόμο κρατώντας μια λάμπα, «τι γυρεύεις;» του λέω, «τη Θεοτόκο» μού λέει –
στην ακατάληπτη γλώσσα εκείνων που δίνουν νόημα σε μια εποχή.
Η γέννηση
Έν’ άλλο βράδυ τον άκουσα να κλαίει δίπλα. Χτύπησα την πόρτα και μπήκα. Μου ’δειξε
πάνω στο κομοδίνο ένα μικρό ξύλινο σταυρό. «Είδες, μου λέει, γεννήθηκε η ευσπλαχνία».
Έσκυψα τότε το κεφάλι κι έκλαψα κι εγώ, γιατί θα περνούσαν αιώνες και αιώνες και δε θα
’χαμε να πούμε τίποτα ωραιότερο απ’ αυτό.
Η ταφή
Πέθανε ύστερα από λίγες μέρες. Τον θάψαμε στην άκρη ενός παλιού κοιμητηρίου, δυο άν­
θρωποι όλοι κι όλοι κι ένα περαστικό αδέσποτο σκυλί που είχε σταθεί και μας κοιτούσε.
Έβρεχε. Έτσι, κάθε που βλέπω τώρα ένα σκυλί, ξέρω κατά πού πέφτει η Παράδεισος.
Η ανάληψη
Πέρασαν μήνες. Το δωμάτιο δίπλα έμενε άδειο. Ώσπου ήρθε ένας νέος ενοικιαστής. Δεν
είχα δει ποτέ το πρόσωπό του, άκουγα μόνο, μέρα νύχτα, αδιάκοπα τα βήματά του στην
κάμαρα.
«Αυτός θα πηγαίνει πολύ μακριά», σκεφτόμουν. Τέλος, ένα βράδυ τα βήματα σταμά­
τησαν.
«Επιτέλους, έφτασε», είπα μέσα μου με ανακούφιση. Το άλλο πρωί έμαθα ότι έφυγε –
γιατί, βέβαια, Θεέ μου, κάπου θα υπάρχει ένας κόσμος καλύτερος...
Την πόρτα ανοίγω το βράδυ, | τη λάμπα κρατώ ψηλά,
να δούνε της γης οι θλιμμένοι, | να ’ρθούνε, να βρουν συντροφιά.
Να βρούνε στρωμένο τραπέζι, | σταμνί για να πιει ο καημός 
κι ανάμεσά μας θα στέκει | ο πόνος, του κόσμου αδερφός.
Να βρούνε γωνιά ν’ ακουμπήσουν, | σκαμνί για να κάτσει ο τυφλός κι εκεί
","Β Λυκείου",""
"Page_64","Σελίδα 64","63
Ο Τάσος Λειβαδίτης (1922­1988) ήταν σημαντικός Έλληνας ποιητής. Γεννήθηκε
και πέθανε στην Αθήνα.
Προτάσεις για εργασίες και δραστηριότητες στην τάξη
1. Παρουσιάστε με δικά σας λόγια ορισμένες γνώμες για το πρόσωπο του Ιησού Χρι­
στού, που εξέφρασαν άνθρωποι της εποχής Του.
2. Χωριστείτε σε ομάδες. Σε κάθε ομάδα συζητήστε τα παρακάτω ερωτήματα: 
­ Ποια είναι τα συναισθήματα που βιώνει ο Πιλάτος, όταν αντικρίζει τον Ιησού Χριστό; 
­ Ποιες οι σκέψεις του, όταν ακούει τις κατηγορίες των Ιουδαίων εναντίον του Χριστού;
­ Ποια είναι τα κίνητρα της απόφασής του; 
Στη συνέχεια ανακοινώστε τα συμπεράσματα της συζήτησης στην ολομέλεια της τά­
ξης.
3. Διαβάστε στην τάξη την περικοπή Ιω 3, 1­8. Στη συνέχεια χωριστείτε σε ομάδες. Σε κά­
θε ομάδα συζητήστε το παρακάτω ερώτημα: 
­ Ποια είναι τα συναισθήματα που βιώνει ο Νικόδημος, όταν μιλά στον Ιησού Χριστό; 
Στη συνέχεια ανακοινώστε τα συμπεράσματα της συζήτησης στην ολομέλεια της τά­
ξης.
","Β Λυκείου",""
"Page_65","Σελίδα 65","","Β Λυκείου",""
"Page_66","Σελίδα 66","","Β Λυκείου",""
"Page_67","Σελίδα 67","","Β Λυκείου",""
"Page_68","Σελίδα 68","","Β Λυκείου",""
"Page_69","Σελίδα 69","","Β Λυκείου",""
"Page_70","Σελίδα 70","","Β Λυκείου",""
"Page_71","Σελίδα 71","","Β Λυκείου",""
"Page_72","Σελίδα 72","","Β Λυκείου",""
"Page_73","Σελίδα 73","","Β Λυκείου",""
"Page_74","Σελίδα 74","","Β Λυκείου",""
"Page_75","Σελίδα 75","","Β Λυκείου",""
"Page_76","Σελίδα 76","","Β Λυκείου",""
"Page_77","Σελίδα 77","","Β Λυκείου",""
"Page_78","Σελίδα 78","","Β Λυκείου",""
"Page_79","Σελίδα 79","","Β Λυκείου",""
"Page_80","Σελίδα 80","","Β Λυκείου",""
"Page_81","Σελίδα 81","","Β Λυκείου",""
"Page_82","Σελίδα 82","","Β Λυκείου",""
"Page_83","Σελίδα 83","","Β Λυκείου",""
"Page_84","Σελίδα 84","","Β Λυκείου",""
"Page_85","Σελίδα 85","","Β Λυκείου",""
"Page_86","Σελίδα 86","","Β Λυκείου",""
"Page_87","Σελίδα 87","","Β Λυκείου",""
"Page_88","Σελίδα 88","","Β Λυκείου",""
"Page_89","Σελίδα 89","","Β Λυκείου",""
"Page_90","Σελίδα 90","","Β Λυκείου",""
"Page_91","Σελίδα 91","","Β Λυκείου",""
"Page_92","Σελίδα 92","","Β Λυκείου",""
"Page_93","Σελίδα 93","92
Προτάσεις για εργασίες και δραστηριότητες στην τάξη
1. Συζητήστε στην τάξη το παρακάτω ερώτημα: 
­ Τι έρχεται στον νου σας όταν ακούτε την λέξη «Αλήθεια»; 
2. Συζητήστε με τον/την διπλανό/ή σας το παρακάτω ερώτημα: 
­ Γιατί το τελευταίο δείπνο του Χριστού με τους μαθητές Του ονομάζεται «Μυστικός
Δείπνος»;
Στη συνέχεια, ανακοινώστε στην τάξη τα συμπεράσματα της συζήτησής σας.
3. Συζητήστε με τον/την διπλανό/ή σας:
­ Ποιες είναι οι σκέψεις και τα συναισθήματά σας, καθώς ακούτε τη φράση: «Όταν
ένας άνθρωπος σηκώνει τον σταυρό του…». 
Στη συνέχεια, ανακοινώστε στην τάξη τα συμπεράσματά σας και συζητήστε το ίδιο θέ­
μα στην ολομέλεια της τάξης. 
Σταυρός του Χριστού: Ο φύλακας της Οικουμένης!
","Β Λυκείου",""
"Page_94","Σελίδα 94","Ε’ ΘΕΜΑΤΙΚΗ ΕΝΟΤΗΤΑ
Ένας καινούριος κόσμος ξεπροβάλλει: 
Χριστός ανέστη!
Ο Σταυρός του Χριστού στην κορυφή του Άθωνα
93
","Β Λυκείου",""
"Page_95","Σελίδα 95","","Β Λυκείου",""
"Page_96","Σελίδα 96","","Β Λυκείου",""
"Page_97","Σελίδα 97","Ράντγιαρντ Κίπλινγκ, ΑΝ
96
Έναστρη νύχτα (van Gogh)
Ουρανέ, όχι δε θα πω το ναι
Ουρανέ, φίλε μακρινέ
πώς να δεχτώ άλλης αγκαλιάς τη στοργή
πώς να δεχτώ, μάνα μου είναι η γη
πώς ν’ αρνηθώ της ζωής το φως το ξανθό
αχ ουρανέ πόνε μακρινέ
Γκάτσος Ν. ­ Χατζιδάκις Μ., Η μπαλάντα του Ούρι
Τη νύχτα αυτή τη λέτε εσείς
Φωτιά
Μα εγώ τη λέω δέντρο
Οι μέρες που λαχατάρησα θα ’ρθουν
Εγώ τη λέω δέντρο. 
Σαββόπουλος Δ., Το δέντρο
[…] Αν να ονειρεύεσαι μπορείς δίχως το όνειρο να κάνεις δάσκαλό σου,
Αν να στοχάζεσαι μπορείς δίχως να κάνεις το στοχασμό σκοπό σου,
Αν το μπορείς το Θρίαμβο και την Καταστροφή να αντικρίσεις 
και σε αυτούς τους δυο αγύρτες όμοια να φερθείς,
Αν να ακούς αντέχεις την αλήθεια που εσύ είχες ειπωμένη
από πανούργους νοθευμένη ώστε παγίδα για τους άμυαλους να γίνει, 
ή να θεωρείς όλα αυτά οπού 'χεις τη ζωή σου αφιερώσει, τσακισμένα, 
και πάλι ν’ αρχινάς να τα στυλώνεις με εργαλεία φαγωμένα, [ … )
Άντρας σωστός τότε θε να 'σαι, γιε μου!
Κίπλινγκ Ράντγιαρντ, ΑΝ
","Β Λυκείου",""
"Page_98","Σελίδα 98","Θεολογική ματιά μέσα από την τέχνη
97
iii. Ελπίδα για αλλαγή: Έγνοια και ανάγκη όλων των ανθρώπων
«Κάποτε, κάποιος φίλος […] μου είπε με αγανάχτηση πως θεολογία δεν γίνεται με τα τρα­
γούδια∙ τον κοίταξα απορημένος, δεν απάντησα, πικράθηκα και έφυγα […]. Θα ’ταν αρχές
του 1992, όταν ο καθηγητής Ματσούκας μού χάρισε ένα μικρό βιβλιαράκι του, με τίτλο
Γλυκόπικρες ρίζες και υπότιτλο Μυθιστορηματική αυτοβιογραφία. […] Εκεί βρίσκεται και
η απάντηση στο ερώτημα του φίλου μου. Η πραγματική, η σαρκωμένη θεολογία, πέρα
από ηθικισμούς, αντικειμενοποιήσεις και οποιεσδήποτε φοβίες, κινείται στα όρια της δο­
ξολογικής αβεβαιότητας, της μετατροπής της καθημερινότητας σε αμεσότητα, της πραγ­
ματικής, ασκητικής κοινωνίας με τα πράγματα: ""Φρόντιζα οι σκέψεις μου"", σημειώνει ο
Ματσούκας, ""να βγαίνουν από τα ίδια τα πράγματα κι από τα βιώματά μου – και να μην
είμαι ονειροπαρμένος. […] Πίστευα πως και οι στοχασμοί μπορούν –και μάλλον επιβάλλε­
ται– να υποβληθούν σε ένα είδος πειραματικής επαλήθευσης, δοκιμαζόμενοι στο πλούσιο
υλικό της ζωής. Ηθική, πολιτική, τέχνη και γνώση κρίνονται απ’ αυτό το υλικό""».
Σταμούλης Χρ., Τα τραγούδια στη θεολογία του Νίκου Ματσούκα
Πιστεύω∙
κι’ αγαπώντας Θεό κι’ ανθρώπους ελπίζω∙
με βεβαιότητα και αταλάντευτα, 
στην τελική νίκη του αγαθού 
παντού∙
και στην άξια δικαίωση 
του κάθε φιλότιμου αγωνιστή
ανθρώπου!
π. Πυρουνάκης Γεώργιος, Δίπτυχο
Μες στην ερημιά του κόσμου 
ένα χέρι γράφει εντός μου: 
κάπου υπάρχει Θεός.
Φίλοι σκύλοι μου μην κλαίτε 
μες στη συμφορά να λέτε: 
κάπου υπάρχει Θεός.
Γκάτσος Ν.­ Χατζιδάκις Μ., 
Ο χορός των σκύλων
Αφίσα για την ταινία του Charlie Chaplin 
“The Great Dictator” (= «ο Mεγάλος Δικτάτωρ»)
","Β Λυκείου",""
"Page_99","Σελίδα 99","","Β Λυκείου",""
"Page_100","Σελίδα 100","","Β Λυκείου",""
"Page_101","Σελίδα 101","","Β Λυκείου",""
"Page_102","Σελίδα 102","","Β Λυκείου",""
"Page_103","Σελίδα 103","","Β Λυκείου",""
"Page_104","Σελίδα 104","","Β Λυκείου",""
"Page_105","Σελίδα 105","","Β Λυκείου",""
"Page_106","Σελίδα 106","","Β Λυκείου",""
"Page_107","Σελίδα 107","","Β Λυκείου",""
"Page_108","Σελίδα 108","","Β Λυκείου",""
"Page_109","Σελίδα 109","","Β Λυκείου",""
"Page_110","Σελίδα 110","","Β Λυκείου",""
"Page_111","Σελίδα 111","","Β Λυκείου",""
"Page_112","Σελίδα 112","","Β Λυκείου",""
"Page_113","Σελίδα 113","","Β Λυκείου",""
"Page_114","Σελίδα 114","ΣΤ’ ΘΕΜΑΤΙΚΗ ΕΝΟΤΗΤΑ
H Εκκλησία
μεταμορφώνει τον κόσμο
Μεταμόρφωση του Χριστού
(Alexander Andreyevich Ivanov)
113
","Β Λυκείου",""
"Page_115","Σελίδα 115","Όπως είδαμε στην προηγούμενη Θεματική Ενότητα, η Εκκλησία μέσα στο Μυστήριο των
Μυστηρίων, τη Θεία Ευχαριστία, βιώνει την Ανάσταση του Χριστού. Αυτή η αναστάσιμη
εμπειρία δίνει ζωή και έμπνευση στα μέλη της Εκκλησίας, ώστε να διαμορφώσουν έναν
άλλο τρόπο ζωής. Και η ζωή αυτή χαρίζεται απλόχερα… σ’ όλον τον κόσμο! Για τι είδους
ζωή μιλούμε; Αυτό θα είναι το κεντρικό θέμα που θα συζητήσουμε παρακάτω.
19. Δράση και αγώνας για τη μεταμόρφωση της ζωής και του κόσμου
20. Η Βασιλεία του Θεού. Τί είναι τελικά;
114
Εισαγωγικά
Περιεχόμενα – Διδακτικές Ενότητες
","Β Λυκείου",""
"Page_116","Σελίδα 116","19. Δράση και αγώνας
για τη μεταμόρφωση της ζωής και του κόσμου
«Η επανάσταση των συνειδήσεων»
115
i. «Υπέρ της του κόσμου ζωής» ή αλλιώς «Για να ζήσει ο κόσμος»: 
Προσωπική ευθύνη και κοινή επιδίωξη 
«Εποχές και καταστάσεις, που χαρακτηρίζονται σαν κρίση και αδιέξοδο πολιτισμού, δεν
θεραπεύονται μόνο με οικονομικές και κοινωνικές επαναστάσεις πρόσκαιρες και εφήμε­
ρες, τυραννικές και αντιφατικές, αλλά υπερνικούνται με μεγάλες αναγεννητικές δημιουρ­
γίες που ξεκινούνε από τα βάθη του ανθρώπου, από τη Συνείδησή του, συλλογικοποιού­
νται σε ομαδική παγκόσμια συνείδηση και οδηγούν σε νέους καλύτερους ανασχηματι­
σμούς, πάνω στις σχέσεις του ανθρώπου με το συνάνθρωπό του, πάνω σε κοινωνικές δο­
μές ανωτέρου επιπέδου. Αυτό ονομάζομε ΕΠΑΝΑΣΤΑΣΗ ΤΩΝ ΣΥΝΕΙΔΗΣΕΩΝ κι αυτοκηρύσσομε
σήμερα στην εορτή της Πεντηκοστής, που ’ναι ημέρα πνευματικής ανακαίνισης και ανα­
δημιουργίας του ανθρώπου και του κόσμου. Αυτό ονομάζομε ΕΠΑΝΑΣΤΑΣΗ ΤΩΝ ΣΥΝΕΙΔΗΣΕΩΝ
και καλούμε άτομα και λαούς σε μια πνευματική αφύπνιση, σε μια διαρκή εγρήγορση και
δραστική αντίσταση στις παντοειδείς αλλοτριώσεις του ανθρώπινου προσώπου που επι­
βάλλουν οι κοινωνικές, οικονομικές και πολιτιστικές δομές των καιρών μας. […] Μετρούμε
την αγωνία του κόσμου και την ευθύνη μας για το μέλλον της ανθρωπότητας κι αποφασί­
ζομε να καταγγείλωμε τις παράλογες δαιμονικές δυνάμεις, που κυβερνούνε τη ζωή της, να
αντιδράσωμε στον σφαλερό προσανατολισμό που ακολουθούμε και να χαράξωμε νέους
ίσιους δρόμους στη ζωή του κόσμου. Μετρούμε την αγωνία του κόσμου και την ευθύνη
μας για το μέλλον και αποφασίζομε την έκρηξη της ατομικής βόμβας στον ηθικό κόσμο:
Κηρύσσομε την ΕΠΑΝΑΣΤΑΣΗ ΤΩΝ ΣΥΝΕΙΔΗΣΕΩΝ […]».
Ειρηναίος Γαλανάκης, Μητροπολίτης Κισάμου, 
Η επανάσταση των συνειδήσεων
«Η αγάπη του Θεού είναι το θεμέλιο του
κόσμου. Στον Χριστό εμείς θυμόμαστε. Γι­
νόμαστε και πάλι όντα ανοιχτά στην αγάπη
και θυμόμαστε. Η Εκκλησία στο χωρισμό
της από τον ""κόσμο τούτον"", στο ταξίδι της
στον Ουρανό, θυμάται τον κόσμο, θυμάται
όλους τους ανθρώπους, θυμάται σύνολη
την πλάση και την προσκομίζει με αγάπη
στον Θεό. Η Ευχαριστία είναι το μυστήριο
της κοσμικής ανάμνησης: είναι αληθινά
μια αποκατάσταση της αγάπης ως της
ίδιας της ζωής του κόσμου».
π. Αλέξανδρος Σμέμαν, Για να ζήσει ο κόσμος
Ποιητής και Μούσα (Νίκος Εγγονόπουλος 1938)
","Β Λυκείου",""
"Page_117","Σελίδα 117","116
Αλλά κάτεχε ότι
μονάχα ’κείνος που παλεύει το σκοτάδι μέσα του
θα ’χει μεθαύριο μερτικό δικό του στον ήλιο.
Οδυσσέας Ελύτης, Άξιον Εστί
* * *
Μα εγώ μ’ ένα άγριο περήφανο χορό,
σαν αετός πάνω απ’ τις λύπες θα πετάξω.
Σιγά μην κλάψω, σιγά μη φοβηθώ.
Θα πάω να χτίσω μια φωλιά στον ουρανό,
θα κατεβαίνω μόνο αν θέλω να γελάσω.
Σιγά μην κλάψω, σιγά μη φοβηθώ.
Γιάννης Αγγελάκας, Σιγά μην κλάψω
ii. Η ζωή μέσα στην Εκκλησία αξιολογείται διαφορετικά: Οι Μακαρισμοί (Μτ 5, 3­12)
«Μακάριοι όσοι νιώθουν τον εαυτό τους φτωχό μπροστά στον Θεό, 
γιατί δική τους είναι η βασιλεία του Θεού.
Μακάριοι όσοι θλίβονται για τις αμαρτίες τους και το κακό που κυριαρχεί στον κόσμο, 
γιατί αυτοί θα παρηγορηθούν από τον Θεό.
Μακάριοι όσοι φέρονται με πραότητα στους άλλους, 
γιατί αυτοί θα κληρονομήσουν τη γη της επαγγελίας.
Μακάριοι όσοι πεινούν και διψούν για την επικράτηση του θελήματος του Θεού, 
γιατί ο Θεός θα ικανοποιήσει την επιθυμία τους.
Μακάριοι όσοι δείχνουν έλεος στους άλλους, 
γιατί σ’ αυτούς θα δείξει ο Θεός το έλεός του.
Μακάριοι όσοι έχουν καθαρή καρδιά, 
γιατί αυτοί θα δουν το πρόσωπο του Θεού.
Μακάριοι όσοι φέρνουν την ειρήνη στους ανθρώπους, 
γιατί αυτοί θα ονομαστούν παιδιά του Θεού.
Μακάριοι όσοι διώκονται για την επικράτηση του θελήματος του Θεού, 
γιατί σ’ αυτούς ανήκει η βασιλεία του Θεού.
Μακάριοι είστε όταν σας χλευάσουν και σας καταδιώξουν και σας κακολογήσουν 
με κάθε ψεύτικη κατηγορία εξαιτίας μου.
Να αισθάνεστε χαρά και αγαλλίαση, γιατί θ’ ανταμειφθείτε με το παραπάνω στους
ουρανούς. Έτσι καταδίωξαν και τους προφήτες πριν από σας».
(Μτ 5, 3­12)
","Β Λυκείου",""
"Page_118","Σελίδα 118","«Γι’ αυτό, λοιπόν, σας λέω: Μη μεριμνάτε για τη ζωή σας, τι θα φάτε και τι θα πιείτε
ούτε για το σώμα σας, τι θα ντυθείτε. Η ζωή δεν είναι σπουδαιότερη από την τροφή;
Και το σώμα δεν είναι σπουδαιότερο από το ντύσιμο; Κοιτάξτε τα πουλιά που δε
σπέρνουν ούτε θερίζουν ούτε συνάζουν αγαθά σε αποθήκες, κι όμως ο ουράνιος Πα­
τέρας σας τα τρέφει∙ εσείς δεν αξίζετε πολύ περισσότερο απ’ αυτά; Κι έπειτα, ποιος
από σας μπορεί με το άγχος του να προσθέσει έναν πήχυ στο ανάστημά του; Και γιατί
τόσο άγχος για το ντύσιμό σας; Ας σας διδάξουν τα αγριόκρινα πώς μεγαλώνουν∙ δεν
κοπιάζουν ούτε γνέθουν∙ κι όμως σας βεβαιώνω πως ούτε ο Σολομών σ’ όλη του τη
μεγαλοπρέπεια δεν ντυνόταν όπως ένα από αυτά. Αν όμως ο Θεός ντύνει έτσι το
αγριόχορτο, που σήμερα υπάρχει κι αύριο θα το ρίξουν στη φωτιά, δε θα φροντίσει
πολύ περισσότερο για σας, ολιγόπιστοι; Μην έχετε, λοιπόν, άγχος και μην αρχίσετε
117
«Στρατευόμενη Εκκλησία, δηλ. μια Εκκλησία που στρατεύεται και αγωνίζεται. Μια Εκκλη­
σία που ξεκινά από το Σταυρό, περνά από τις Κατακόμβες, ζορίζεται, φυλακίζεται, ρίχνεται
στα θηρία και τα γιουχαΐσματα των αμφιθεάτρων και τα Συναξάρια της, σε κάθε εποχή, εί­
ναι γεμάτα από Μάρτυρες και Ομολογητές. […] Στρατευόμενη Εκκλησία: Μια Εκκλησία
που μάχεται μέσα στον Κόσμο και πληγώνεται μέσα στον Κόσμο και λερώνεται μέσα στον
Κόσμο κι όμως φωτίζει τον Κόσμο και τον αγιάζει και τον παρηγορεί και μένει στον αιώνα
ελπίδα και σωτηρία του Κόσμου».
Γαλανάκης Ειρηναίος, Μητροπολίτης Κισάμου, Στρατευόμενη Εκκλησία
«Η ιστορία καλεί ήδη τον Χριστιανισμό στο τιμόνι του κόσμου. Τον καλεί στις δύο επανα­
στάσεις, της αδικίας και του μίσους, να δώσει τη δική του επανάσταση: Την επανάσταση
της Αγάπης. Την επανάσταση που θα δώσει την κοινωνική δικαιοσύνη χωρίς να καταστρέ­
ψει τον άνθρωπο».
Ψαρουδάκης Ν., Η επανάσταση της αγάπης. Η χριστιανική λύση του κοινωνικού προβλήματος
Με τόσα φύλλα σού γνέφει ο ήλιος καλημέρα
με τόσα φλάμπουρα λάμπει, λάμπει ο ουρανός 
και τούτοι μέσ’ στα σίδερα και κείνοι μεσ’ στο χώμα. 
Σώπα όπου να ‘ναι θα σημάνουν οι καμπάνες.
Αυτό το χώμα είναι δικό τους και δικό μας.
Ρίτσος Γ. ­ Θεοδωράκης Μ., Θα σημάνουν οι καμπάνες
iii. «Μη μεριμνάτε»: Καταναλωτισμός δίχως όρια ή σεβασμός απέναντι στη δημιουργία
και τη ζωή; (Μτ 6, 25­34)
Ο Χριστός πάνω στο σταυρό
(Δομήνικος Θεοτοκόπουλος)
","Β Λυκείου",""
"Page_119","Σελίδα 119","να λέτε: ""τι θα φάμε;"" ή ""τι θα πιούμε;"" ή ""τι θα ντυθούμε;"", γιατί για όλα αυτά αγω­
νιούν όσοι δεν εμπιστεύονται τον Θεό∙ ο ουράνιος όμως Πατέρας σας ξέρει καλά ότι
έχετε ανάγκη απ’ όλα αυτά. Γι’ αυτό πρώτα απ’ όλα να επιζητείτε τη βασιλεία του Θε­
ού και την επικράτηση του θελήματός του, κι όλα αυτά θα ακολουθήσουν. Μην αγω­
νιάτε, λοιπόν, για το αύριο, γιατί η αυριανή μέρα θα έχει τις δικές της φροντίδες. Φτά­
νουν οι έγνοιες της κάθε μέρας».
(Μτ 6, 25­34)
«Τότε πήγε ο Πέτρος και του είπε: “Κύριε, πόσες φορές θα σφάλει σ’ εμένα ο αδερφός
μου και θα τον συγχωρήσω; Ως εφτά φορές;”. Του λέει ο Ιησούς: “Δε σου λέω ως εφτά,
αλλά ως εβδομήντα φορές εφτά”».
(Μτ 18, 21­22)
118
Πολλά δε θέλει ο άνθρωπος 
να ’ν’ ήμερος να ’ναι άκακος 
λίγο φαΐ λίγο κρασί 
Χριστούγεννα κι Ανάσταση
Οδυσσέας Ελύτης, 
Ο Ηλιος ο Ηλιάτορας
iv. Αδιαφορία και σκληρότητα απέναντι στον συνάνθρωπο ή άπειρο έλεος και συγχώρεση;
(Μτ 18, 21­22)
«Η μεγαλύτερη αίρεση, η μητέρα των αιρέσεων, ο εγωκεντρισμός. Προσωπικός, ομαδι­
κός, φυλετικός, τοπικιστικός, εκκλησιαστικός κ.λπ., που δηλητηριάζει τις ανθρώπινες
σχέσεις και κάθε μορφή αρμονικής και δημιουργικής συνύπαρξης. Και σε άλλες ευκαι­
ρίες και Συνέδρια για την παγκόσμια ειρήνη, έχουμε διατυπώσει την πεποίθηση ότι ""το
αντίθετο της ειρήνης δεν είναι ο πόλεμος αλλά ο εγωκεντρισμός∙ ατόμων, κρατών, δια­
φόρων συνόλων"". Και σε αυτή τη διχαστική νόσο το μόνο αντίδοτο παραμένει η ανιδιο­
τελής αγάπη, όπως την έχει καθορίσει και την έχει σαρκώσει ο Χριστός και όσοι πιστά
Τον ακολουθούν. Γι’ αυτό και η συμβολή της Εκκλησίας παραμένει διαχρονικά πολύτιμη
και αναντικατάστατη».
Αναστάσιος Αρχιεπίσκοπος Tιράνων, Εναρκτήρια συνεδρίαση της Αγίας και Μεγάλης Συνόδου
","Β Λυκείου",""
"Page_120","Σελίδα 120","«Τη νύχτα η ψυχή μου σε ποθεί∙ από τα βάθη μου σ’ αποζητάω. Όταν οι κρίσεις
σου εφαρμόζονται στη γη, μαθαίνει τη δικαιοσύνη η οικουμένη».
(Ησ 26, 9)
«Σκοπός βέβαια δεν είναι να στερηθείτε εσείς για να ανακουφίσετε τους άλλους,
αλλά να υπάρχει σε όλους ισότητα».
(Β΄ Κορ 8, 13)
119
«Για να γίνει κανείς χριστιανός, πρέπει να έχει ποιητική ψυχή, πρέπει να γίνει ποιητής.
“Χοντρές” ψυχές κοντά Του ο Χριστός δεν θέλει. Ο χριστιανός, έστω και μόνο όταν αγαπά­
ει, είναι ποιητής, είναι μες στην ποίηση. Την αγάπη ποιητικές καρδιές την ενστερνίζονται,
τη βάζουν μέσα στην καρδιά τους, την αγκαλιάζουν, τη νιώθουν βαθιά».
Πορφυρίου Καυσοκαλυβίτου, Βίος και Λόγοι
Συγχώρηση (Γεώργιος Κόρδης)
v. «Να υπάρχει σε όλους ισότητα»: Από την αδικία στον αγώνα για την επικράτηση 
της δικαιοσύνης και της ισότητας (Ησ 26, 9 και Β΄ Κορ 8, 13)
«Οι εκρήξεις φονταμενταλισμού που παρατηρούνται στους κόλπους διαφόρων θρησκειών
αποτελούν έκφραση νοσηρής θρησκευτικότητος. Ο νηφάλιος διαθρησκειακός διάλογος
συμβάλλει σημαντικά στην προώθηση της αμοιβαίας εμπιστοσύνης, της ειρήνης και της
καταλλαγής. Το λάδι του θρησκευτικού βιώματος πρέπει να χρησιμοποιείται για να επου­
λώνει πληγές και όχι για να αναζωπυρώνει τη φωτιά των πολεμικών συρράξεων. Η Ορθό­
δοξος Εκκλησία καταδικάζει απεριφράστως την επέκταση της πολεμικής βίας, τους διωγ­
μούς, την εκδίωξη και δολοφονία μελών θρησκευτικών κοινοτήτων, τον εξαναγκασμό για
την αλλαγή της θρησκευτικής πίστεως, την εμπορία προσφύγων, τις απαγωγές, τα βασα­
νιστήρια, τις ειδεχθείς εκτελέσεις. Καταγγέλλει την καταστροφή ναών, θρησκευτικών συμ­
βόλων και μνημείων πολιτισμού… Όλως ιδιαιτέρως απευθύνουμε έκκληση στους ισχυρούς
","Β Λυκείου",""
"Page_121","Σελίδα 121","Ο Ιωάννης Χρυσόστομος για την κοινωνική αδικία
Ο Ὺμνος της Αγάπης
«Αν μπορώ να λαλώ όλες τις γλώσσες των ανθρώπων, ακόμα και των αγγέλων, αλ­
λά δεν έχω αγάπη για τους άλλους, οι λόγοι μου ακούγονται σαν ήχος χάλκινης
καμπάνας ή σαν κυμβάλου αλαλαγμός. Κι αν έχω της προφητείας το χάρισμα κι
όλα κατέχω τα μυστήρια κι όλη τη γνώση, κι αν έχω ακόμα όλη την πίστη, έτσι που
να μετακινώ βουνά, αλλά δεν έχω αγάπη, είμαι ένα τίποτα. Κι αν ακόμα μοιράσω
στους φτωχούς όλα μου τα υπάρχοντα, κι αν παραδώσω στη φωτιά το σώμα μου
για να καεί, αλλά δεν έχω αγάπη, σε τίποτα δε μ’ ωφελεί. Εκείνος που αγαπάει
έχει μακροθυμία, έχει και καλοσύνη∙ εκείνος που αγαπάει δε ζηλοφθονεί∙ εκείνος
που αγαπάει δεν κομπάζει ούτε περηφανεύεται∙ είναι ευπρεπής, δεν είναι εγωι­
στής ούτε ευερέθιστος∙ ξεχνάει το κακό που του έχουν κάνει. Δε χαίρεται για το
στραβό που γίνεται, αλλά μετέχει στη χαρά για το σωστό. Εκείνος που αγαπάει,
όλα τα ανέχεται∙ σε όλα εμπιστεύεται, για όλα ελπίζει, όλα τα υπομένει. Ποτέ η
αγάπη δε θα πάψει να υπάρχει».
(Α΄ Κορ 13, 1­8)
120
της γης για την επικράτηση της ειρήνης και της δικαιοσύνης στις χώρες προελεύσεως των
προσφύγων. Προτρέπουμε τις πολιτικές αρχές, τούς πολίτες και τους Ορθοδόξους Χριστια­
νούς στις χώρες που καταφεύγουν οι εξουθενωμένοι πρόσφυγες, να συνεχίσουν να προ­
σφέρουν από το περίσσευμα και από το υστέρημα των δυνατοτήτων τους».
Μήνυμα της Αγίας και Μεγάλης Συνόδου της Ορθοδόξου Εκκλησίας, Κρήτη, 2016
«Δε φρίττεις, άνθρωπε, δεν κοκκινίζεις από ντροπή, όταν χαρακτηρίζεις επιτιθέμενο αυτόν
που παλεύει για το ψωμί του; Αυτός, αν και φέρεται επιθετικά, ωστόσο δικαιούται τη συ­
μπάθειά μας, γιατί τόσο πολύ πιέζεται από την πείνα, ώστε αναγκάζεται να φορέσει το
προσωπείο της επιθετικότητας. [...] Και πρέπει να σου πω ακόμα πως αυτός που επιτίθεται
στην πραγματικότητα είσαι συ, γιατί αν και έρχεσαι τακτικά στην Εκκλησία και ακούς τα
κηρύγματά μου, στην αγορά εντούτοις προτιμάς και το χρυσάφι και τις επιθυμίες και τις
ανθρώπινες φιλίες σου, παρά τις δικές μου προτροπές».
Ιωάννης Χρυσόστομος, Ερμηνεία στην προς Ρωμαίους Επιστολή
vi. «ἐὰν ταῖς γλώσσαις τῶν ἀνθρώπων λαλῶ»: Από την εχθρότητα και τη βία στην ειρήνη
και την χωρίς όρια αγάπη (Α΄ Κορ 13 και Λκ 6, 27­40)
","Β Λυκείου",""
"Page_122","Σελίδα 122","Αγάπη προς όλους
121
Ο σπλαχνικός πατέρας (λεπτομέρεια, Bartolomé Esteban Murillo, 1667­1670)
«Σ’ εσάς όμως που μ’ ακούτε λέω: Αγαπάτε τους εχθρούς σας, ευεργετείτε όσους
σας μισούν∙ δίνετε ευχές σ’ όσους σας δίνουν κατάρες, προσεύχεστε γι’ αυτούς
που σας κακομεταχειρίζονται.
Σ’ όποιον σε χαστουκίζει στο ένα μάγουλο, γύριζε και το άλλο∙ κι αν κάποιος σου
πάρει το πανωφόρι, μην τον εμποδίσεις να πάρει και το πουκάμισο. Σ’ όποιον σου
ζητάει κάτι δίνε το, κι αν κάποιος σου πάρει αυτό που σου ανήκει, μη ζητάς να σου
το επιστρέψει. Όπως θέλετε να σας συμπεριφέρονται οι άνθρωποι, έτσι ακριβώς
να συμπεριφέρεστε κι εσείς σ’ αυτούς. Γιατί, αν αγαπάτε αυτούς που σας αγα­
πούν, ποια εύνοια περιμένετε από τον Θεό; Αφού και οι αμαρτωλοί αγαπούν αυ­
τούς που τους αγαπούν. Κι αν κάνετε καλό σ’ αυτούς που σας κάνουν καλό, ποια
εύνοια περιμένετε από τον Θεό; Και οι αμαρτωλοί το ίδιο κάνουν. Αν δανείζετε σ’
όσους ελπίζετε να σας τα επιστρέψουν, ποια εύνοια περιμένετε από τον Θεό; Και
οι αμαρτωλοί δανείζουν στους ομοίους τους για να τα πάρουν πίσω.
Αντίθετα, εσείς ν’ αγαπάτε τους εχθρούς σας, να κάνετε το καλό και να δανείζετε,
χωρίς να περιμένετε να πάρετε πίσω τίποτα. Έτσι, ο Θεός, που είναι καλός ακόμα
και με τους αχάριστους και τους κακούς, θα σας ανταμείψει με το παραπάνω και
θα σας κάνει παιδιά του. Να είστε λοιπόν σπλαχνικοί, όπως σπλαχνικός είναι κι ο
Θεός Πατέρας σας».
(Λκ 6, 27­40)
","Β Λυκείου",""
"Page_123","Σελίδα 123","«Κύριε, σκόρπισε τη χάρη Σου στη γη»
«Το Πνεύμα του Χριστού, που μου έδωσε ο Κύριος, θέλει να σω­
θούν όλοι, να γνωρίσουν όλοι τον Θεό. Ο Κύριος έδωσε στον
ληστή τον παράδεισο∙ έτσι θα δώσει τον παράδεισο και σε κάθε
αμαρτωλό. [...] Κύριε, όλοι οι λαοί είναι έργο των χειρών Σου.
Απομάκρυνέ τους από την έχθρα και το μίσος και δώσε τους με­
τάνοια, για να γνωρίσουν όλοι την αγάπη Σου. [...] Κύριε, σκόρ­
πισε τη χάρη Σου στη γη. Δώσε σ’ όλους τους λαούς της γης να
γευθούν την αγάπη Σου, να μάθουν πως Συ μας αγαπάς σαν μη­
τέρα κι ακόμη περισσότερο. Γιατί μπορεί κι η μητέρα να ξεχάσει
το παιδί της, αλλά Συ ποτέ, γιατί αγαπάς απείρως το πλάσμα
Σου και η αγάπη δεν μπορεί να λησμονήσει [...]».
Αρχιμανδρίτου Σωφρονίου Σαχάρωφ, Ο Άγιος Σιλουανός ο Αθωνίτης
122
vii. Να έχουμε μόνο αυτή τη σκέψη: να σωθούν οι πάντες»: Το χρέος της Ορθόδοξης 
Εκκλησίας για τη σωτηρία όλου του κόσμου (από τους λόγους του Αγίου Σιλουανού 
του Αθωνίτη)
«Τι είναι η αγάπη, αδερφοί μου; μας έλε­
γε κι ανοιγοκλειούσε τα χέρια του σα να
’θελε να μας αγκαλιάσει∙ τι ’ναι η αγάπη,
αδερφοί μου; δεν είναι μονάχα συμπόνια
μήτε καλοσύνη∙ στη συμπόνια είναι δυο,
αυτός που πονάει κι αυτός που συμπονά­
ει∙ στην καλοσύνη είναι δυο, αυτός που
δίνει κι αυτός που δέχεται∙ μα στην αγάπη
είναι ένας, σμίγουν οι δυο και γίνουνται
ένα, δεν ξεχωρίζουν∙ το εγώ κι εσύ αφανί­
ζουνται∙ αγαπώ θα πει χάνουμαι».
Καζαντζάκης Ν., 
Ο φτωχούλης του Θεού
Η Σταύρωση 
(Δομήνικος Θεοτοκόπουλος)
«Στην παγκοσμιότητα δεν αντιτίθεται ο τόπος∙ αντιστρόφως, αποτελεί το ζωτικό έδαφός
της. Η παγκοσμιότητα δεν σχετίζεται με την αδιαφορία, η οποία δεν αμφισβητεί το τοπικό,
διότι απλούστατα δεν την ενδιαφέρει. Κριτήριο είναι κατά πόσον η «τοπικότητα» εκφράζει
αυθεντικά την κοινή ανθρώπινη φύση. Ένας χριστιανός ασκητής μπορεί να είναι περισσό­
τερο παγκόσμιος από έναν ανέστιο ταξιδιώτη της εποχής μας, ο οποίος ταξιδεύει για να
","Β Λυκείου",""
"Page_124","Σελίδα 124","«Αυτά που τώρα υποφέρουμε, δεν ισοσταθμίζουν τη δόξα που μας επιφυλάσσει
ο Θεός στο μέλλον. Γιατί όλη η κτίση προσμένει με λαχτάρα πότε θα φανερωθεί η
δόξα των παιδιών του Θεού. Ξέρετε, βέβαια, πως η κτίση υποτάχθηκε κι αυτή στη
φθορά, όχι γιατί το ήθελε, αλλά γιατί έτσι θέλησε αυτός που την υπέταξε. Έχει
όμως πάντοτε την ελπίδα, κι αυτή ακόμα η κτίση, πως θ’ απελευθερωθεί από την
υποδούλωσή της στη φθορά, και θα μετάσχει στην ελευθερία που θ’ απολαμβά­
νουν τα δοξασμένα παιδιά του Θεού. Ξέρουμε καλά ότι ως τώρα όλη η κτίση στε­
νάζει και κραυγάζει από πόνο, σαν την ετοιμόγεννη γυναίκα. Κι όχι μόνο η κτίση.
Το ίδιο κάνουμε κι εμείς: Έχουμε ως αρραβώνα του νέου κόσμου το Άγιο Πνεύμα,
εσωτερικά όμως στενάζουμε κι εμείς, γιατί λαχταρούμε να γίνουμε για πάντα παι­
διά του Θεού και να γλιτώσει το σώμα μας από τη φθορά».
(Ρωμ 8, 18­23)
123
δραπετεύσει από τις συγκεκριμένες συνθήκες της ζωής του και ο οποίος αισθάνεται πα­
ντού ξένος. Ο πρώτος, όταν είναι γεμάτος αγάπη για τον κόσμο, είναι πράγματι παγκό­
σμιος, βρίσκεται οργανικά τοποθετημένος μέσα στην παγκόσμια κοινωνία. Ανυψώνει σιω­
πηρά το κοινό ανθρώπινο φύραμα με την αδιάκοπη υπέρβαση του εγώ του, με την προ­
σευχή, με την υπαρξιακή μετοχή στην ενυπόστατη Αγάπη… Οι χριστιανοί, και μάλιστα οι
Ορθόδοξοι, δεν αισθανόμαστε αμηχανία ούτε αιφνιδιαζόμαστε από τη διαδικασία της πα­
γκοσμιοποιήσεως. Η οικουμενικότητα υπήρξε ο αυτονόητος πνευματικός μας χώρος. Η
διάσταση της παγκοσμιότητος αποτελεί βασικό συστατικό της Ορθοδοξίας».
Αναστάσιος, Αρχιεπίσκοπος Τιράνων, Παγκοσμιότητα και Ορθοδοξία
«Κανείς δεν πρέπει να θέλει να σωθεί μόνος του, χωρίς να σωθούν και οι άλλοι. Είναι λά­
θος να προσεύχεται κανείς για τον εαυτό του, για να σωθεί ο ίδιος. Τους άλλους πρέπει ν’
αγαπάμε και να προσευχόμαστε να μη χαθεί κανείς∙ να μπουν όλοι στην Εκκλησία. Αυτό
έχει αξία».
Αρχιμανδρίτου Σωφρονίου Σαχάρωφ, Ο Άγιος Σιλουανός ο Αθωνίτης
viii. «Πάσα η κτίσις συστενάζει και συνωδίνει άχρι του νυν»: 
Από τον εφιάλτη της οικολογικής καταστροφής στη διάσωση της ζωής (Ρωμ 8, 18­23)
«Η σημερινή οικολογική κρίση είναι προφανές ότι οφείλεται σε πνευματικά και ηθικά αί­
τια. Οι ρίζες της συνδέονται με την πλεονεξία, την απληστία και τον εγωισμό, που οδηγούν
στην αλόγιστη χρήση των φυσικών πόρων, την επιβάρυνση της ατμόσφαιρας με ζημιογό­
νους ρύπους και την κλιματική αλλαγή. Η χριστιανική αντιμετώπιση του προβλήματος
απαιτεί μετάνοια για τις καταχρήσεις, εγκράτεια και ασκητικό ήθος, που αποτελούν αντί­
","Β Λυκείου",""
"Page_125","Σελίδα 125","124
δοτο στην υπερκατανάλωση, συγχρόνως δε,
καλλιέργεια στον άνθρωπο της συνειδήσεως
ότι είναι ""οικονόμος"", και όχι κάτοχος της δη­
μιουργίας. Δεν παύει να τονίζει ότι και οι
μελλοντικές γενεές έχουν δικαίωμα πάνω
στα φυσικά αγαθά, που μας εμπιστεύθηκε ο
Δημιουργός. Για αυτό το λόγο και η Ορθόδο­
ξος Εκκλησία συμμετέχει ενεργώς στις διά­
φορες διεθνείς οικολογικές προσπάθειες.
Όρισε δε την 1η Σεπτεμβρίου ως ημέρα προ­
σευχής για την προστασία του φυσικού περι­
βάλλοντος».
Μήνυμα της Αγίας και Μεγάλης Συνόδου 
της Ορθοδόξου Εκκλησίας, Κρήτη, 2016
Εκεί που φύτρωνε φλισκούνι κι άγρια μέντα 
κι έβγαζε η γη το πρώτο της κυκλάμινο
τώρα χωριάτες παζαρεύουν τα τσιμέντα
και τα πουλιά πέφτουν νεκρά στην υψικάμινο.
Κοιμήσου Περσεφόνη 
στην αγκαλιά της γης 
στου κόσμου το μπαλκόνι ποτέ μη ξαναβγείς.
Εκεί που σμίγανε τα χέρια τους οι μύστες 
ευλαβικά πριν μπουν στο θυσιαστήριο
τώρα πετάνε τα αποτσίγαρα οι τουρίστες
και το καινούργιο παν να δουν διυλιστήριο.
Κοιμήσου Περσεφόνη [...]
Εκεί που η θάλασσα γινόταν ευλογία
κι ήταν ευχή του κάμπου τα βελάσματα 
τώρα καμιόνια κουβαλάν στα ναυπηγεία
άδεια κορμιά, σιδερικά, παιδιά κι ελάσματα.
Κοιμήσου Περσεφόνη [...]
Χατζηδάκις Ν. ­ Γκάτσος Ν.,
Ο εφιάλτης της Περσεφόνης
Πίνακας: Ο Κελεός (Αντώνιος Φίκος, 2012)
Ένας ποιητής (Γεώργιος Κόρδης)
","Β Λυκείου",""
"Page_126","Σελίδα 126","125
Προτάσεις για εργασίες και δραστηριότητες στην τάξη
1. Συζητήστε στην τάξη τα παρακάτω ερωτήματα: ­Τι γοητεύει τον σύγχρονο άνθρωπο;
­Τι είναι αυτό που επιθυμεί περισσότερο να κατακτήσει;
2. Αφού διαβάσετε το κείμενο «Η επανάσταση των συνειδήσεων», μελετήστε τον πίνακα
του Εγγονόπουλου. Χωριστείτε σε ομάδες και δώστε, κάθε ομάδα ξεχωριστά, μια δική
σας ερμηνεία στον πίνακα. Στη συνέχεια ανακοινώστε στην ολομέλεια της τάξης τα
συμπεράσματα της συζήτησής σας, τεκμηριώνοντας με επιχειρήματα. 
3. Λαμβάνοντας υπόψη όλα τα κείμενα της ενότητας, κατά τη γνώμη σας, ποιος από
τους Μακαρισμούς είναι αρκετά επαναστατικός και ανατρεπτικός για την εποχή μας;
4. Μόλις διαβάσετε το κείμενο Μτ 25­34 σημειώστε αυθόρμητα δέκα λέξεις που να εκ­
φράζουν τις εντυπώσεις σας. Στη συνέχεια μελετήστε προσεκτικά το κείμενο του Οδ.
Ελύτη. Με ωριμότερη σκέψη, γράψτε ξανά δέκα λέξεις γύρω από το κείμενο. Υπάρχει
διαφορά μεταξύ της αρχικής και της τελευταίας προσέγγισης;
5. Αναζητήστε στο λεξικό την ετυμολογία και σημασίες της λέξης «συγχώρηση». Συζητή­
στε στην ομάδα σας για ποιον λόγο ο «εγωκεντρισμός» που αναφέρει ο Αρχιεπίσκο­
πος Αναστάσιος είναι εμπόδιο για τη συγχώρηση.
6. Διαβάστε τον Ύμνο της Αγάπης. Στη συνέχεια προσπαθήστε να ολοκληρώσετε, ατομι­
κά και με λίγες λέξεις, τη φράση «Αγάπη είναι…» ή τη φράση «Αγάπη δεν είναι…». Συ­
νενώστε όλες τις φράσεις της τάξης. Απαγγείλετε τη δημιουργία σας στην τάξη.
7. Ξαναγράψτε και αναδομήστε το κείμενο του Αγίου Σιλουανού, βάζοντας δικές σας
ιδέες, ξεκινώντας με τη φράση: «Κύριε, σκόρπισε τη χάρη Σου στη γη…».
8. Χωριστείτε σε ομάδες. Διαβάστε την περικοπή Ρωμ 8, 18­23. Στη συνέχεια, γράψτε σε
μια κόλλα χαρτί όλες τις λέξεις και φράσεις (από το κείμενο που διαβάσατε), οι οποίες
συνδέονται με την έννοια «κτίση». Κατόπιν, εξηγήστε στην ολομέλεια της τάξης τον
τρόπο με τον οποίον συνδέονται με την έννοια «κτίση» όλες οι λέξεις και οι φράσεις
που εντοπίσατε στο κείμενο. 
9. Με έμπνευση από το κείμενο του Μηνύματος της Αγίας και Μεγάλης Συνόδου σχε­
διάστε μια δράση με θέμα την προστασία του περιβάλλοντος. Αν θέλετε, επικεντρω­
θείτε στα ειδικότερα προβλήματα που αναφέρει το τραγούδι των Μ. Χατζηδάκι ­ Ν.
Γκάτσου.
","Β Λυκείου",""
"Page_127","Σελίδα 127","20. Η Βασιλεία του Θεού. Τι είναι τελικά;
«Λοιπόν, αδελφοί μου, να χαίρεστε, να προοδεύετε, να συμπαραστέκεστε ο ένας
στον άλλο∙ να μην έχετε διαφωνίες, να έχετε ειρήνη, κι ο Θεός που χαρίζει την
αγάπη και την ειρήνη θα είναι μαζί σας».
(Β΄ Κορ 13, 11)
«Η βασιλεία του Θεού δεν είναι φαγητό και ποτά, αλλά δικαιοσύνη, ειρήνη και χα­
ρά, που δίνει το Άγιο Πνεύμα».
(Ρωμ 14, 18)
126
i. Ζωή γεμάτη χαρά και δημιουργία
Δώδεκα παιδιά στους δρόμους, δώδεκα παιδιά,
πήραν τη βροχή στους ώμους, δώδεκα παιδιά, 
κράτησαν ψηλά τον ήλιο, κάνανε το κρύο φίλο, 
πήγαν πιο μακριά κι απ’ τα πουλιά.
Βρήκαν στην κορφή, την παλιά πληγή, 
το χρυσό μαχαίρι του ληστή…
Δώδεκα παιδιά στους δρόμους, δώδεκα σπαθιά, 
πήραν το Χριστό στους ώμους δώδεκα παιδιά,
χάραξαν στη γη τους νόμους, άνοιξαν στη νύχτα δρόμους 
κι έγινε η αγάπη πιο βαθιά.
Γράψαν μιαν ευχή, να μη ξεχαστεί, 
κάτω από το χώμα η γιορτή […]
Χριστοδούλου Δ., Λοΐζος Μ.
Ανώνυμο (Γιώργος Σικελιώτης)
Αγωνιστές (Α. Τάσος, 1973­75)
Ο άγιος Χριστοφόρος βαστάζει 
στους ώμους τον Χριστό
","Β Λυκείου",""
"Page_128","Σελίδα 128","Η παραβολή του μεγάλου δείπνου
127
ii. Ο Θεός προσκαλεί όλους τους ανθρώπους στη βασιλεία Tου (Λκ 14, 16­24)
Ο Ευαγγελισμός (λεπτομέρεια, Η συμφωνία των αγγέλων), Δομήνικος Θεοτοκόπουλος
«Κάποιος από ’κείνους που έτρωγαν μαζί με τον Ιησού, του είπε: “Μακάριος όποιος
πάρει μέρος στο τραπέζι της βασιλείας του Θεού”. Κι ο Ιησούς τού είπε: “Ένας άν­
θρωπος ετοίμασε μεγάλο δείπνο και κάλεσε πολλούς. Όταν ήρθε η ώρα του δεί­
πνου, έστειλε το δούλο του να πει στους καλεσμένους: Ελάτε, όλα είναι πια έτοιμα.
Τότε άρχισαν, ο ένας μετά τον άλλο, να βρίσκουν δικαιολογίες: Ο πρώτος τού είπε:
“Έχω αγοράσει ένα χωράφι και πρέπει να πάω να το δω∙ σε παρακαλώ, θεώρησέ με
δικαιολογημένο”. Άλλος τού είπε: “Έχω αγοράσει πέντε ζευγάρια βόδια και πάω να
τα δοκιμάσω∙ σε παρακαλώ, δικαιολόγησέ με”. Κι ένας άλλος τού είπε: “Είμαι νιό­
παντρος και γι’ αυτό δεν μπορώ να έρθω”. Γύρισε ο δούλος εκείνος και τα είπε αυτά
στον κύριό του. Τότε ο οικοδεσπότης οργισμένος είπε στο δούλο του: “Πήγαινε γρή­
γορα στις πλατείες και στους δρόμους της πόλης και φέρε μέσα τους φτωχούς, τους
ανάπηρους, τους κουτσούς και τους τυφλούς”. Όταν γύρισε ο δούλος τού είπε: “Κύ­
ριε, αυτό που πρόσταξες έγινε και υπάρχει ακόμη χώρος”. Είπε πάλι ο κύριος στο
δούλο: “Πήγαινε έξω από την πόλη στους δρόμους και στα μονοπάτια κι ανάγκασέ
τους να έρθουν, για να γεμίσει το σπίτι μου∙ γιατί σας βεβαιώνω πως κανένας από
’κείνους που κάλεσα δε θα γευτεί το δείπνο μου”».
(Λκ 14, 16­24)
","Β Λυκείου",""
"Page_129","Σελίδα 129","Η Βασιλεία του Θεού είναι ήδη παρούσα, «ἡβασιλεία τοῦΘεοῦἐντὸς ἡμῶν ἐστιν»
Για να προσεγγίσουµε καλύτερα το νόηµα της φράσης «Βασιλεία του Θεού», αξίζει τον κόπο
να ρίξουµε µια µατιά στη βιβλική διήγηση, η οποία περιγράφει το γεγονός της Μεταµόρφω­
σης του Χριστού.
Το γεγονός της Μεταµόρφωσης του Χριστού έχει ιδιαίτερη σηµασία και σπουδαιότητα: προ­
σφέρει µία ξεκάθαρη απάντηση στο ερώτηµα «Κι εσείς ποιος λέτε ότι είµαι;» (Μκ 8, 29), το
οποίο ο ίδιος λίγο πριν έθεσε στους µαθητές Του.
«Ύστερα από έξι μέρες, παίρνει ο Ιησούς ιδιαιτέρως μόνο τον Πέτρο, τον Ιάκωβο και
τον Ιωάννη, και τους ανεβάζει σ’ ένα ψηλό βουνό. Εκεί μεταμορφώθηκε μπροστά
τους, τα ρούχα του έγιναν αστραφτερά, κατάλευκα σαν το χιόνι […]. Εμφανίστηκε σ’
αυτούς ο Ηλίας μαζί με τον Μωυσή, και συζητούσαν με τον Ιησού. 
(Μκ 9, 2­4)
«Λέει τότε ο Πέτρος στον Ιησού: “Διδάσκαλε, είναι ωραία να μείνουμε εδώ! […]”. Δεν
ήξερε τι να πει, γιατί είχαν κυριευτεί από τρόμο. Ήρθε τότε ένα σύννεφο και τους σκέ­
πασε, και μια φωνή ακούστηκε μέσα από το σύννεφο: “Αυτός είναι ο αγαπημένος μου
Υιός∙ αυτόν ν’ ακούτε”. Και ξαφνικά, όταν έστρεψαν τριγύρω τα βλέμματά τους, δεν
είδαν κανέναν, παρά τον Ιησού μόνον μαζί τους».
(Μκ 9, 2­8)
128
iii. «Η βασιλεία του Θεού εντός ημών εστίν» (Λκ, 17, 21)
«Όταν ρωτήθηκε από τους Φαρι­
σαίους ο Ιησούς πότε έρχεται η βα­
σιλεία του Θεού, τούς απάντησε:
“Η βασιλεία του Θεού δεν έρχεται
µε τρόπο φανερό σε όλους. Δε θα
πούνε να, εδώ είναι ή εκεί, γιατί η
βασιλεία του Θεού είναι κιόλας
ανάµεσά σας”». 
(Λκ, 17, 21)
H ετοιμασία του Θρόνου 
(Μητρόπολη Μυστρά, 13ος αι.)
iv. Η Βασιλεία του Θεού όχι μόνο ως όραμα, αλλά και ως πρόγευση μέσα στην ιστορία
","Β Λυκείου",""
"Page_130","Σελίδα 130","Ο Ιησούς οδηγεί τους μαθητές Του Πέτρο, Ιάκωβο και Ιωάννη σ’ ένα βουνό. Εκεί μεταμορφώ­
νεται, δηλαδή αποκτά μία διαφορετική μορφή από εκείνην με την οποίαν όλοι γύρω Τον γνώ­
ριζαν. Το χρώμα των ρούχων Του αλλάζει, γίνεται αστραφτερό και λευκό σαν το χιόνι. Στη συ­
νέχεια εμφανίζεται ο προφήτης Ηλίας και ο Μωυσής, οι οποίοι και συνομιλούν μαζί Του. Χα­
ρακτηριστικό στοιχείο της Μεταμόρφωσης είναι η παρουσία του Φωτός του Τριαδικού Θεού,
αυτού που η Εκκλησία μας ονομάζει Άκτιστο Φως. 
Καθώς ακούγεται η φωνή του Θεού Πατέρα «Αυτός είναι ο αγαπημένος μου Υιός», φανε­
ρώνεται ότι ο Ιησούς είναι ο Χριστός, το δεύτερο πρόσωπο της Αγίας Τριάδος, ο αναμενόμε­
νος Μεσσίας.
Η θέα του φωτός και της δόξας του μεταμορφωμένου Ιησού, όπως επίσης και το άκουσμα της
φωνής του Πατέρα, είναι μία εμπειρία που γεύονται ο Πέτρος, ο Ιάκωβος και ο Ιωάννης. Στην
εμπειρία αυτή αποτυπώνονται τέσσερα βασικά χαρακτηριστικά της Βασιλείας του Θεού.
α. Στη Βασιλεία του Θεού κυριαρχεί το φως και η δόξα του Τριαδικού Θεού.
β. Προϋπόθεση για να εισέλθει κάποιος σ’ αυτήν, δεν είναι η εφαρμογή των διατάξεων του
Μωσαϊκού Νόμου. Η Βασιλεία του Θεού είναι δωρεά και όχι αποτέλεσμα ανθρώπινων προ­
σπαθειών.
γ. Δεν είναι μία εγκόσμια εξουσία, όπως αυτή των Ρωμαίων αυτοκρατόρων, αλλά μία εμπει­
ρία ζωής και κοινωνίας με τον Θεό Πατέρα.
δ. Δεν αποτελεί όνειρο για ένα απώτερο μέλλον∙ η βίωσή της ξεκινά ήδη από αυτήν την επί­
γεια ζωή.
Πηγή: Σωτήριος Δεσπότης / Νικόλαος Παύλου / Αθανάσιος Στογιαννίδης, Θέματα από την Αγία Γραφή. 
Α’ Εκκλησιαστικού Γυμνασίου (υπό έκδοση), σελ. 169.
129
Η Μεταμόρφωση (Ιερά Μονή Αγίας Αικατερίνης, Όρος Σινά, 12ος αι.)
","Β Λυκείου",""
"Page_131","Σελίδα 131","Μετά το συγκλονιστικό γεγονός της
Μεταμόρφωσης, ο Ιησούς πραγματο­
ποιεί ένα ακόμη θαυμαστό γεγονός:
θεραπεύει έναν δαιμονισμένο νέο,
πραγματικά παραμορφωμένο λόγω
του δαιμονικού πνεύματος που είχε
μέσα του. Έτσι, φανερώνεται: πρώ­
τον, ότι ο Ιησούς είναι ο Μεσσίας, ο
Υιός του Θεού, ο Δημιουργός και Κύ­
ριος του σύμπαντος∙ δεύτερον, ότι η
αποστολή Του είναι να ελευθερώσει
τον άνθρωπο από την εξουσία και την
κυριαρχία του διαβόλου, θεμελιώνο­
ντας τον καινούριο κόσμο της Βασι­
λείας του Θεού.
Στο Κατά Μάρκον Ευαγγέλιο, η θερα­
πεία του παραμορφωμένου νέου το­
ποθετείται ακριβώς μετά τη Μετα­
μόρφωση του Χριστού και πριν τη
σταυρική Του θυσία. Γιατί άραγε; Η
πορεία αυτή του Ιησού έχει ένα ιδιαί­
τερο νόημα: Ο μεταμορφωμένος Ιη­
σούς δεν παραμένει σε πελάγη ησυ­
χίας, όπως Του προτείνει ο Απόστο­
λος Πέτρος (Μκ 9,5). Απεναντίας,
σπεύδει να συναντήσει τον κόσμο
που αυτοκαστρέφεται από το βάρος
της αμαρτίας και της απιστίας του.
Αυτήν ακριβώς την πορεία καλείται να ακολουθήσει και κάθε μαθητής του Ιησού, που θέλει
να γευτεί τη Βασιλεία του Θεού. Άλλωστε, η αληθινή μεταμόρφωση του ανθρώπου δεν επι­
τυγχάνεται με την απομάκρυνση από τον κόσμο, αλλά μέσω της συνάντησης μαζί του. Μετα­
μόρφωση σημαίνει εν Χριστώ εξαγιασμός όλου του κόσμου! 
Πηγή: Σωτήριος Δεσπότης / Νικόλαος Παύλου / Αθανάσιος Στογιαννίδης, 
Θέματα από την Αγία Γραφή. Α’ Εκκλησιαστικού Γυμνασίου (υπό έκδοση), σελ. 170.
«Σας βεβαιώνω πως υπάρχουν μερικοί ανάμεσα σ’ αυτούς που βρίσκονται εδώ, οι ο ­
ποίοι δε θα γευτούν το θάνατο, πριν δουν να έρχεται δυναμικά η βασιλεία του Θεού».
(Μκ 9, 1)
Ο κρυμμένος θησαυρός
«Η βασιλεία των ουρανών μοιάζει επίσης με θησαυρό κρυμμένο στο χωράφι, που τον
βρήκε ένας άνθρωπος και τον έκρυψε, κι όλος χαρά πάει και πουλάει όλα όσα έχει κι
αγοράζει εκείνο το χωράφι».
(Μτ 13, 44)
130
Η Μεταμόρφωση (Raﬀaello Sanzio da Urbino) 
(Στο κάτω μέρος του πίνακα, δεξιά, 
διακρίνεται ο πατέρας του δαιμονισμένου νέου 
φορώντας πράσινο χιτώνα)
","Β Λυκείου",""
"Page_132","Σελίδα 132","Το πανάκριβο μαργαριτάρι
131
«Η βασιλεία των ουρανών πάλι μοιάζει μ’ έναν έμπορο, που ζητούσε να βρει όμορφα
μαργαριτάρια. Κι όταν βρήκε ένα πανάκριβο μαργαριτάρι, πήγε και πούλησε όλα όσα
είχε και το αγόρασε».
(Μτ 13, 45)
«Μιλώντας για Βασιλεία του Θεού εννοούμε την καινούρια ανθρωπότητα που άρχισε με
τον ερχομό και το έργο του Χριστού. Αυτή προσφέρει έναν νέο τρόπο ζωής, όπου κυριαρ­
χούν: α) Η πίστη στον φιλάνθρωπο και αληθινό Θεό. β) Οι αλλιώτικες σχέσεις προς τον
Θεό, τον συνάνθρωπο και τον κόσμο. Δηλαδή σχέσεις αγάπης, αδελφοσύνης, ελπίδας, ει­
ρήνης και δικαιοσύνης. Αυτή η νέα πραγματικότητα ζωής προχωρά αθόρυβα και ασταμά­
τητα. Το πλήρωμά της θα φανερωθεί στο τέλος του κόσμου, μετά τη Δευτέρα Παρουσία
του Χριστού».
Πηγή: Γιώργος Τσανανάς / Απόστολος Μπάρλος, Θρησκευτικά Β΄ Γυμνασίου. 
Καινή Διαθήκη. Ο Ιησούς Χριστός και το έργο του, σελ. 56.
Προτάσεις για εργασίες και δραστηριότητες στην τάξη
1. Η παραβολή του δείπνου περιέχει πολλές συμβολικές εικόνες. Στην ομάδα σας συζη­
τήστε και σχολιάστε ένα στιγμιότυπο από την παραβολή. Στην ολομέλεια της τάξης
αναζητήστε το κρυμμένο νόημα των εικόνων.
2. Διαβάστε τα βιβλικά κείμενα της διδακτικής αυτής ενότητας. Λαμβάνοντας υπόψη ότι
οι αναφορές στον «θησαυρό» και το «μαργαριτάρι» έχουν συμβολικό νόημα, οργα­
νώστε ένα κατάλογο… υπενθυμίσεων, όπου σε δύο στήλες να σημειώσετε ιδέες από
την πραγματική ζωή: «1η στήλη: Αξίζει να... “πουλήσω”», «2η στήλη: Αξίζει να… “αγο­
ράσω”». Στη συνέχεια συζητήστε στην ολομέλεια της τάξης για τον τρόπο με τον οποί­
ον οι δύο στήλες που συντάξατε, συνδέονται, ή όχι, με τα βιβλικά κείμενα της διδα­
κτικής αυτής ενότητας.
","Β Λυκείου",""
"Page_133","Σελίδα 133","Ζ’ ΘΕΜΑΤΙΚΗ ΕΝΟΤΗΤΑ
Η Εκκλησία ως κιβωτός 
σ’ ένα ταξίδι χωρίς τέλος
Η κιβωτός του Νώε στο όρος Αραράτ
(Simon de Myle ­ Sotheby's Paris, 23 Juni 2011, Lot 30)
132
","Β Λυκείου",""
"Page_134","Σελίδα 134","Από τις πρώτες σελίδες του βιβλίου αυτού έγινε λόγος για τη συνάντηση Θεού και αν­
θρώπου. Μάλιστα, χαρακτηρίσαμε τη συνάντηση αυτή ως ένα ταξίδι, οι περιπέτειες του
οποίου καταγράφονται στα κείμενα της Αγίας Γραφής. Στην τελευταία Θεματική Ενότη­
τα, θα δούμε ότι το ταξίδι αυτό… δεν τελειώνει ποτέ! Είναι μία κοινή πορεία Θεού και
ανθρώπου μέσα στην Εκκλησία, μια πορεία προς τα Έσχατα. Τι σημαίνει αυτό; Θα το
δούμε στις σελίδες που ακολουθούν.
21. Η συνάντηση Θεού και ανθρώπου συνεχίζεται… Η Αποκάλυψη του Ιωάννη
22. Η πορεία προς τα έσχατα μέσα από εικόνες και παραβολές
23. Η ζωή μαζί με τον Χριστό: μια πορεία γεμάτη εκπλήξεις
133
Εισαγωγικά
Περιεχόμενα – Διδακτικές Ενότητες
","Β Λυκείου",""
"Page_135","Σελίδα 135","21. Η συνάντηση Θεού και ανθρώπου συνεχίζεται…
Η Αποκάλυψη του Ιωάννη
Στην παρακάτω εικόνα βλέπουμε μία σκηνή από το τελευταίο βιβλίο της Αγίας Γραφής, που
έχει τον τίτλο «Αποκάλυψις Ιωάννου». Έχουμε ακούσει ξανά τη λέξη αυτή; Τι μπορεί να ση­
μαίνει; Το βιβλίο της Αποκάλυψης συγγράφεται τον 1ο αιώνα μ.Χ., σε μια εποχή κατά την οποί­
αν ο αυτοκράτορας της Ρώμης προβάλλεται ως Κύριος και Θεός. 
Στους πρώτους στίχους του βιβλίου αυτού, διαβάζουμε τα ακόλουθα: 
«Μακάριος ο αναγνώστης κι όσοι ακούνε τα λόγια τούτης της προφητείας και τη­
ρούν όσα λέει αυτό το βιβλίο∙ γιατί πλησιάζει ο καιρός». 
(Απ 1,3).
134
i. Η έννοια της Προφητείας και του Αποκαλυπτισμού: Παρηγοριά σε περιόδους ατομικής
και συλλογικής κρίσης 
Εικονογράφηση του κεφαλαίου 1 της Αποκάλυψης
Άθως, Μονή Καρακάλλου. 
(Τοιχογραφία στον εξωνάρθηκα του καθολικού, 1767)
Άγιος Ιωάννης 
ο Θεολόγος και 
ο Άγιος Πρόχορος 
στο σπήλαιο 
της Αποκάλυψης
","Β Λυκείου",""
"Page_136","Σελίδα 136","Η Αποκάλυψη χαρακτηρίζεται
ως προφητεία. Γιατί άραγε; Δι ­
ότι το κείμενο αυτό ήταν προ ­
ορισμένο να αναγνωσθεί στη
Θεία Λατρεία των πρώτων Χρι­
στιανών. Και τι περιέχει το βι­
βλίο αυτό; Είναι γεμάτο από
ορισμένα πρωτόγνωρα «ορά­
ματα», δηλαδή περιγραφές για
πράγματα και καταστάσεις με
εικόνες και παρομοιώσεις που
δεν προέρχονται από την καθη­
μερινότητά μας. Αυτό σημαίνει
ότι η γλώσσα του κειμένου της
Αποκάλυψης είναι συμβολική, δηλαδή έχει ένα νόη­
μα που είναι «κρυμμένο» πίσω από τις λέξεις. Στην
Αποκάλυψη του Ιωάννη υπάρχουν κάποιες σπου­
δαίες αλήθειες για το παρόν αλλά και για το μέλ­
λον του ανθρώπου! Μας μεταφέρει ορισμένα ση­
μαντικά μηνύματα για το τέλος της ανθρώπινης
ιστορίας και για την αρχή μιας καινούριας σελίδας
στην ανθρωπότητα, η οποία θ’ αρχίσει με τη Δευτέ­
ρα Παρουσία του Χριστού και την ανάσταση των
νεκρών. 
Πηγή: Σωτήριος Δεσπότης / Νικόλαος Παύλου / Αθανάσιος Στογιαννίδης, 
Θέματα από την Αγία Γραφή. Α’ Εκκλησιαστικού Γυμνασίου (υπό έκδοση), σσ. 213­214
«Αυτό το βιβλίο περιέχει την αποκάλυψη που έδωσε ο
Θεός στον Ιησού Χριστό, για να φανερώσει στους δού­
λους Του αυτά που είναι καθορισμένα να γίνουν πολύ
σύντομα. Ο Ιησούς έστειλε τον άγγελό Του και τα απο­
κάλυψε στο δούλο Του τον Ιωάννη, ο οποίος έδωσε
μαρτυρία για το λόγο του Θεού και για τον Ιησού Χρι­
στό∙ γράφει όσα είδε» 
(Απ 1, 1)
Διαβάζοντας τον τίτλο του βιβλίου της Αποκάλυψης τι
συμπεραίνουμε για τον συγγραφέα του;
Το όνομά του είναι «Ιωάννης». Η Αποκάλυψη που αυ­
τός συγγράφει, είναι ένα κείμενο το οποίο απευθύνε­
ται στους Χριστιανούς 7 Εκκλησιών της Μικράς Ασίας. 
135
Εικονογραφημένο
χειρόγραφο 
της Αποκάλυψης 
του Ιωάννη. (Cloisters
Apocalypse, 14ος αι., 
Νέα Υόρκη)
Ο Ιωάννης στην Πάτμο ατενίζει 
τα οράματα της Αποκάλυψης
(Hans Memling, 15ος αι.)
ii. Ο Ιωάννης εξόριστος στην Πάτμο σε μια εποχή… «διαδικτυακή»
Μονή Ξηροποτάμου Εξωνάρθηκας 1783
Έργο των ζωγράφων Κωνσταντίνου, 
Αθανασίου και Ναούμ από την Κορυτσά
","Β Λυκείου",""
"Page_137","Σελίδα 137","Βέβαια, τα μηνύματά του είναι πάντοτε επίκαιρα για τους χριστιανούς όλων των εποχών. Άρα
«μιλάει» και σ’ εμάς σήμερα.
Όταν ο Ιωάννης γράφει το βιβλίο της Αποκάλυψης, αυτοκράτορας της Ρώμης είναι ο Δομιτια­
νός∙ επιθυμία του είναι να ενώσει τους κατοίκους της αυτοκρατορίας κάτω από τη «σκέπη»
μιας κοινής θρησκείας: της λατρείας του αυτοκράτορα. Έτσι, λοιπόν, σε όλες τις πόλεις κατα­
σκευάζονται αγάλματά του, και δίδεται η εντολή σε όλους τους υπηκόους να λατρεύουν τον
αυτοκράτορα ως θεό. Όποιος δεν υπακούει στη διαταγή αυτή, έχει κυρώσεις και ποινές. Ο Ιω­
άννης ζει στην Έφεσο, μια πόλη της Μ. Ασίας∙ αρνείται να λατρεύσει τον Δομιτιανό ως θεό,
και εξαιτίας αυτής της άρνησης εξορίζεται σ’ ένα άγονο νησί των Δωδεκανήσων, στην Πάτμο.
Πηγή: Σωτήριος Δεσπότης / Νικόλαος Παύλου / Αθανάσιος Στογιαννίδης, 
Θέματα από την Αγία Γραφή. Α’ Εκκλησιαστικού Γυμνασίου (υπό έκδοση), σελ. 216.
136
Οι τέσσερις καβαλάρηδες της Αποκάλυψης 
(Viktor Mikhaylovich Vasnetsov, 1887)
Ιερά Μονή Αγίου Ιωάννου του Θεολόγου 
στην Πάτμο
Το σπήλαιο της Αποκάλυψης
","Β Λυκείου",""
"Page_138","Σελίδα 138","Και ενώ κατά τον 1ο αι. μ.Χ. προβάλλεται ο αυτοκράτορας ως θεός και ευεργέτης των ανθρώ­
πων, η Αποκάλυψη κάνει λόγο για τον αληθινό Θεό και προτείνει σε κάθε χριστιανό να Τον
αγαπήσει με όλη την καρδιά του και να απομακρυνθεί από κάθε είδωλο και από κάθε ψεύτικο
θεό. Πώς όμως εμφανίζεται ο αληθινός Θεός και Κύριος του κόσμου και της ιστορίας;
Είναι κάποιος παντοδύναμος βασιλιάς με μυριάδες στρατιώτες γύρω του; Όχι! Είναι ένα άκακο
Αρνί, που όμως έχει δόξα και δύναμη! Ας προβληματιστούμε λιγάκι στο σημείο αυτό: τι μπορεί
να συμβολίζει αυτή η εικόνα; Γιατί ο αληθινός Θεός, ο Μεσσίας, παρουσιάζεται ως Αρνίο σε
αντίθεση προς το Θηρίο; Μπορούμε να σκεφτούμε ποια είναι τα χαρακτηριστικά του; 
Πηγή: Σωτήριος Δεσπότης / Νικόλαος Παύλου / Αθανάσιος Στογιαννίδης, Θέματα από την Αγία Γραφή. 
Α’ Εκκλησιαστικού Γυμνασίου (υπό έκδοση), σελ. 217.
137
iii. Ο Χριστός, ο αληθινός Μεσσίας της ανθρωπότητας: Το εσφαγμένο Αρνίο ανοίγει 
το Βιβλίο της Ιστορίας (Απ 1)∙ (Απ 5)
Ο Αμνός με το επτασφράγιστο βιβλίο
(Bamberger Apokalypse, Insel Reichenau, Γερμανία, α’ μισό 11ου αι.)
","Β Λυκείου",""
"Page_139","Σελίδα 139","Στο πρώτο κεφάλαιο του βιβλίου της Αποκάλυψης διαβάζουμε τα εξής λόγια: «""Εγώ είμαι το
Άλφα και το Ωμέγα"", λέει ο Θεός, ο Παντοκράτορας Κύριος, αυτός που αληθινά υπάρχει και
υπήρχε και θα ’ρθεί». (Απ 1,8). Αυτό σημαίνει ότι ο Θεός δεν θα εμφανιστεί ξαφνικά στο τέλος
της ανθρώπινης ιστορίας, αλλά είναι συνεχώς δίπλα μας, κοντά μας. 
Ίσως θεωρούμε ότι η Αποκάλυψη περιγράφει σκηνές πολύ τρομακτικές, που προκαλούν φό­
βο. Το βιβλίο αυτό όμως δεν γράφτηκε γι’ αυτό τον σκοπό∙ δεν θέλει να προκαλέσει φόβο, ού­
τε αγωνία, ούτε στενοχώρια. 
Το μήνυμα του βιβλίου είναι μήνυμα αισιοδοξίας, χαράς και ελπίδας. Μας λέει με απλά λό­
για ότι μπορεί στη ζωή μας να συναντήσουμε δυσκολίες∙ μπορεί στον κόσμο αυτόν να κυ­
βερνά τις περισσότερες φορές η αδικία. Ωστόσο, όλα αυτά έχουν «ημερομηνία λήξεως».
Όλα κάποτε θα τελειώσουν, διότι καθώς θα έρθει για δεύτερη φορά ο Χριστός (Δευτέρα
Παρουσία), τότε όλος ο κόσμος θα γίνει καινούριος και θα βασιλεύει μόνον η αγάπη και φι­
λανθρωπία του Τριαδικού Θεού! Τότε θα φανερωθεί πλήρως ο καινούριος κόσμος της Βα­
σιλείας Του.
Πηγή: Σωτήριος Δεσπότης / Νικόλαος Παύλου / Αθανάσιος Στογιαννίδης, 
Θέματα από την Αγία Γραφή. Α’ Εκκλησιαστικού Γυμνασίου (υπό έκδοση), σελ. 218.
138
iv. «Καὶεἶδον οὐρανὸν καινὸν καὶγῆν καινήν∙ […] ναί, ἔρχομαι ταχύ. ἀμήν, ναὶἔρχου, 
Κύριε ᾿Ιησοῦ»: Το αισιόδοξο μήνυμα της Αποκάλυψης (Απ 21­22)
Η Αποκάλυψη του Ιωάννη (Φορητή εικόνα η οποία αποδίδεται 
στον ζωγράφο Μιχαήλ Πρέβελη, περίπου 1750)
","Β Λυκείου",""
"Page_140","Σελίδα 140","Στη θεία Λειτουργία, και συγκεκριμένα στο «Πάτερ ἡμῶν», συναντούμε μία πολύ όμορφη
φράση: «ἐλθέτω ἡβασιλεία σου»∙ και λίγο μετά από την ανάγνωση της προσευχής αυτής,
ακολουθεί η Θεία Μετάληψη, δηλαδή οι πιστοί κοινωνούν το Σώμα και το Αίμα του Χριστού.
Οι χριστιανοί ποθούν και προσδοκούν
τη Βασιλεία του Θεού. Και τι σημαίνει
αυτό; Δείχνει ότι οι χριστιανοί έχουν
έναν μεγάλο πόθο: να ενωθούν τα ου­
ράνια με τα επίγεια∙ η χάρη και η πα­
ρουσία του Θεού να απλωθεί σ’ όλη τη
γη∙ και ο κόσμος ν’ αλλάξει. Να γίνει
καινούριος! Να γεμίσει από την παρου­
σία του Θεού! Η Εκκλησία εκφράζει την
προσδοκία της: «ἐλθέτω ἡβασιλεία
σου», και ο Χριστός απαντά στην προσ­
δοκία αυτή προσφέροντας το Σώμα και
το Αίμα Του. 
Έναν τέτοιο παρόμοιο διάλογο διαβά­
ζουμε στο τέλος του βιβλίου της Αποκά­
λυψης: «Ναι, έρχομαι σύντομα», δια­
κηρύσσει ο Χριστός∙ και η Εκκλησία
απαντά «Αμήν∙ ναι, έλα Κύριε Ιησού».
Είναι ολοφάνερο ότι το βιβλίο της Απο­
κάλυψης χρησιμοποιούνταν στη Θεία
Λειτουργία των πρώτων Χριστιανών.
Και μετά από την ανάγνωση αυτού του
διαλόγου, μάλλον ακολουθούσε η Θεία
Κοινωνία.
Με τον τρόπο αυτό, οι πρώτοι Χριστια­
νοί προγεύονταν τη Δευτέρα Παρουσία
του Χριστού και έτσι βίωναν με ζωντά­
νια όλες τις σπουδαίες αλήθειες της
Αποκάλυψης, δηλαδή είχαν εμπειρία
αυτού του «ταξιδιού» που, όπως είδα­
με στη 2η ενότητα, ξεκίνησε με τη Δημι­
ουργία του κόσμου και θα συνεχιστεί
μετά το τέλος της ιστορίας με την Δεύ­
τερη Έλευση του Χριστού στον κόσμο
και την Ανάσταση των νεκρών!
Πηγή: Σωτήριος Δεσπότης / Νικόλαος Παύλου
/ Αθανάσιος Στογιαννίδης, Θέματα από την 
Αγία Γραφή. Α’ Εκκλησιαστικού Γυμνασίου
(υπό έκδοση), σσ. 218­219
139
v. H πραγματική συμμετοχή στη λατρεία, τη διακονία και τη μαρτυρία της Εκκλησίας 
ως Αποκάλυψη της Αποκάλυψης
Η νέα Ιερουσαλήμ (Bamberger Apokalypse, 
Insel Reichenau, Γερμανία, 11ος αι.)
","Β Λυκείου",""
"Page_141","Σελίδα 141","140
«Λάβετε φάγετε τοῦτό ἐστι τὸσῶμά μου∙ πίετε ἐξ αὐτοῦπάντες τοῦτό ἐστι τὸαἷμά μου»
Προτάσεις για εργασίες και δραστηριότητες στην τάξη
1. Συζητήστε στην τάξη το παρακάτω ερώτημα: Τι έρχεται στον νου σας, όταν ακούτε τη
λέξη «Αποκάλυψη»;
2. Συζητήστε με τον/την διπλανό/ή σας το παρακάτω ερώτημα: 
­ Ποια ιστορικά στοιχεία γνωρίζετε για τον Ιωάννη, τον συγγραφέας της Αποκάλυψης;
Στη συνέχεια ανακοινώστε στην ολομέλεια της τάξης τα συμπεράσματα της συζήτησής
σας.
3. Αναζητήστε φωτογραφίες που απεικονίζουν τα τεχνολογικά επιτεύγματα της παγκο­
σμιοποίησης. Κατόπιν, γράψτε για κάθε φωτογραφία μία λεζάντα ξεκινώντας με τις
λέξεις «Ζούμε στην εποχή της παγκοσμιοποίησης. Αυτό σημαίνει ότι οι άνθρωποι σή­
μερα…»
4. Αναζητήστε έναν χάρτη της Μικράς Ασίας και πάνω σ’ αυτόν σημειώστε τις Εκκλησίες
της Αποκάλυψης.
5. Μεταφερθείτε στη θέση ενός χριστιανού της Μικράς Ασίας, ο οποίος ζει την εποχή
του Ιωάννη, και διαβάζει την Αποκάλυψη. Περιγράψτε τις σκέψεις και τα συναισθή­
ματά του.
6. Συζητήστε με τον/την διπλανό/ή σας το παρακάτω ερώτημα: 
­ Ποια επίδραση μπορεί να έχει στον σημερινό άνθρωπο η Αποκάλυψη του Ιωάννη; 
Στη συνέχεια ανακοινώστε στην ολομέλεια της τάξης τα συμπεράσματα της συζήτησής
σας.
","Β Λυκείου",""
"Page_142","Σελίδα 142","22. Η πορεία προς τα έσχατα μέσα από εικόνες και παραβολές
141
i. Ο κόσµος και η ιστορία οδεύει προς ένα τέλος (Έσχατα)
«Η ανθρωπότητα είναι καταδικασµένη και πρέπει να βρει ένα άλλο µέρος να ζει εκτός
του πλανήτη Γη, αν θέλει να επιβιώσει µέσα στα επόµενα 1.000 χρόνια. 
Όπως υποστηρίζει ο θεωρητικός φυσικός Στίβεν Χόκινγκ, η καλύτερη πιθανότητα για να
επιβιώσουµε ως είδος είναι να φύγουµε από τον πλανήτη που µας φιλοξενεί και να
δηµιουργήσουµε αποικίες σε άλλους. 
Μιλώντας στο Oxford University Union, ο Χόκινγκ τόνισε πως η ανθρωπότητα δεν θα
επιβιώσει πάνω από 1.000 χρόνια στη Γη, εξαιτίας των φυσικών καταστροφών, της
κλιµατικής αλλαγής, των πυρηνικών και άλλων καταστροφικών παραγόντων».
Πηγή: Ειδησεογραφία από τον δικτυακό τόπο του «CNN»
«Η νέα πρόβλεψη για το τέλος του κόσµου µας δεν µας έρχεται ούτε από κάποιο σενά­
ριο του Χόλιγουντ, ούτε πρόκειται για αρχαία ""προφητεία"" ή παράλογη πεποίθηση φα­
νατικών πιστών. Είναι οι επιστήµονες που το λένε, οι οποίοι µπορεί να µην µιλάνε για
την καταστροφή του πλανήτη, αλλά σίγουρα προεξοφλούν το τέλος του πολιτισµού
όπως τον γνωρίζουµε σήµερα. Η µελέτη που χρηµατοδοτήθηκε από το Κέντρο Διαστηµι­
κών Πτήσεων Γκοντάρ της NASA προβλέπει ότι σύσσωµος ο ανεπτυγµένος κόσµος οδεύ­
ει προς την καταστροφή, αφού ο βιοµηχανικός πολιτισµός θα καταρρεύσει µέσα στις
επόµενες δεκαετίες… 
Διερευνώντας την ανθρώπινη και φυσική δυναµική όλων των ιστορικών παραδειγµά­
των, οι επιστήµονες εντόπισαν τους κυριότερους παράγοντες, που όταν βρίσκονται σε
κρίση, οδηγούν στην παρακµή των πολιτισµών και οι οποίοι φαίνονται να απειλούν και
τον δικό µας. Αυτοί είναι: ο πληθυσµός, το κλίµα, το νερό, η γεωργία και η ενέργεια.
Όπως εξηγούν, οι παράγοντες αυτοί µπορούν να οδηγήσουν στην κατάρρευση, όταν συ­
σχετίζονται µε τρόπο ο οποίος δηµιουργεί δύο καίρια κοινωνικά χαρακτηριστικά: ""την
υπερεκµετάλλευση των πόρων"" και τη ""διαστρωµάτωση της κοινωνίας στις ελίτ (πλού­
σιοι) και στις µάζες (φτωχοί)""». 
Πηγή: Ειδησεογραφία από τον δικτυακό τόπο «TRIBUNE»
«Καθώς ο κόσµος παρακολουθεί έκπληκτος τα δραµατικά γεγονότα των τελευταίων ετών
στην Ανατολική Ευρώπη –την κατάρρευση του κοµµουνισµού και την αποσύνθεση της Σο­
βιετικής Ένωσης– ο Φράνσις Φουκουγιάµα προτείνει να στρέψουµε µαζί του την προσοχή
µας σε ένα ερώτηµα που είχαν θέσει οι µεγάλοι φιλόσοφοι των περασµένων αιώνων:
Υπάρχει κάποια κατεύθυνση στην εξελικτική πορεία της ιστορίας της ανθρωπότητας; Και
αν η Ιστορία έχει κάποια κατεύθυνση, τότε ποιο είναι το τέλος αυτής της πορείας; Και σε
ποιο σηµείο αυτής της πορείας, σε σχέση µε το τέλος της, βρισκόµαστε τώρα;»
Από την παρουσίαση του βιβλίου: Francis Fukuyama, Το τέλος της Ιστορίας και ο τελευταίος άνθρωπος
","Β Λυκείου",""
"Page_143","Σελίδα 143","«Ο χαιρετισµός αυτός γράφεται από µένα τον Παύλο µε το ίδιο µου το χέρι. Όποιος
δεν αγαπάει τον Κύριο Ιησού Χριστό ας είναι χωρισµένος από το σώµα της εκκλησίας.
Μαράν αθά – ο Κύριος έρχεται!». 
(Α΄ Κορ 16, 21­22) 
«Αυτός που τα επιβεβαιώνει όλα αυτά λέει: ""Ναι, έρχοµαι σύντοµα"". ""Αµήν∙ ναι, έλα,
Κύριε Ιησού""». 
(Απ 22, 20)
«Καὶ πάλιν ἐρχόµενον µετὰ δόξης κρῖναι ζῶντας καὶ νεκρούς». 
Από το Σύμβολο της Πίστης
«Γιατί ο ίδιος ο Χριστός πρέπει να βασιλεύει ωσότου ο Θεός υποτάξει σ’ αυτόν όλους
τους εχθρούς. Ο τελευταίος εχθρός που θα συντριφθεί είναι ο θάνατος». 
(Α΄ Κορ 15, 25­26)
142
ii. Η προσδοκία της Δευτέρας Παρουσίας
iii. Ανάσταση των νεκρών: «Ἔσχατος ἐχθρὸς καταργεῖται ὁ θάνατος». 
«Ποῦ σου ᾅδη τὸ κέντρον;»
Δηµιουργία και Μέλλουσα Κρίση: το τέλος του κόσµου
","Β Λυκείου",""
"Page_144","Σελίδα 144","Από τον Κανόνα του Μ. Σαββάτου 
143
«Πού είναι λοιπόν θάνατε το δηλητηριώδες κεντρί σου; Πού είναι άδη η νίκη σου; Ανα­
στήθηκε ο Χριστός κι εσύ κατανικήθηκες! Αναστήθηκε ο Χριστός και οι δαίµονες έχουν
κατακρηµνισθεί! Αναστήθηκε ο Χριστός και οι άγγελοι χαίρονται! Αναστήθηκε ο Χριστός
και η ζωή κυριαρχεί! Αναστήθηκε ο Χριστός και κανείς νεκρός δεν θα παραµείνει πλέον
στο µνήµα!».
Ιωάννης Χρυσόστοµος, Κατηχητικός Λόγος
Η Ανάστασις (Μονή Οσίου Λουκά, 11ος αι.)
Βασιλεύει µεν ο άδης πάνω στο γένος των ανθρώπων∙ όµως δεν βασιλεύει αιώνια∙ διό­
τι, όταν εσύ, κραταιέ, τέθηκες στον τάφο, µε τη ζωαρχική παλάµη σου συνέτριψες τις
κλειδαριές του θανάτου και κήρυξες λύτρωση αληθινή σ’ αυτούς που από παλιά κοιµό­
ντουσαν εκεί, Σωτήρα, µε το να γίνεις ο πρώτος που αναστήθηκε εκ των νεκρών. 
Ωδή στ΄
Ας νιώσει αγαλλίαση η κτίση, ας ευφρανθούν όλοι οι άνθρωποι επί της γης∙ διότι ο
εχθρός άδης έχει ηττηθεί κατά κράτος και απογυµνωθεί από τη δύναµή του. Ας ετοιµά­
σουν οι ευσεβείς γυναίκες τα µύρα τους και ας έλθουν στον τάφο να µε προϋπαντή­
σουν. Τον Αδάµ και την Εύα, µαζί µε το καταγόµενο από αυτούς γένος, λυτρώνω και την
τρίτη ηµέρα θ’ αναστηθώ από τους νεκρούς. 
Ωδή θ΄
","Β Λυκείου",""
"Page_145","Σελίδα 145","«Κι είδα ένα λευκό θρόνο κι εκείνον που καθόταν σ’ αυτόν. Η γη κι ο ουρανός έφυγαν
από μπροστά του κι εξαφανίστηκαν. Και είδα τους νεκρούς, μεγάλους και μικρούς,
να στέκονται μπροστά στο θρόνο. Ανοίχτηκαν βιβλία, κι ύστερα ανοίχτηκε ένα άλλο
βιβλίο, το βιβλίο της ζωής. Και κρίθηκαν οι νεκροί ανάλογα με τα έργα τους, που ήταν
γραμμένα στα βιβλία».
(Απ 20, 11­14)
144
iv. Τελική κρίση: Η παραβολή της κρίσης (Μτ 25, 31­46). 
«Και είδα έναν άσπρο θρόνο» (Απ 20, 11­14)
«Όταν θα έρθει ο Υιός
του Ανθρώπου µε όλη
του τη µεγαλοπρέπεια
και θα τον συνοδεύουν
όλοι οι άγιοι άγγελοι,
θα καθίσει στον βασι­
λικό θρόνο του. Τότε
θα συναχθούν µπρο­
στά του όλα τα έθνη,
και θα τους ξεχωρίσει
όπως ξεχωρίζει ο βο­
σκός τα πρόβατα από
τα κατσίκια».
(Μτ 25, 31­46)
Η Μέλλουσα Κρίση (Giotto, 1305)
(λεπτοµέρεια) 
«Είδα αυτό το όνειρο. Ένας άνθρωπος παρουσιαζόταν στο κριτήριο του Κυρίου:
– ""Κοίταξε, Θεέ μου"", του έλεγε∙ ""τήρησα τον νόμο σου"", δεν έκανα τίποτε αισχρό, κακό
ή αντίθρησκο. Κύριε, τα χέρια μου είναι καθαρά"".
– ""Ασφαλώς, ασφαλώς"", του απαντούσε ο καλός Θεός... ""αλλά είναι άδεια""».
Φολλερώ Ρ., Γάλλος ανθρωπιστής και ιεραπόστολος
","Β Λυκείου",""
"Page_146","Σελίδα 146","Στην παραβολή του πλουσίου και του πτωχού Λαζάρου (Λκ 16, 19­31), ο Χριστός ονόμασε
συμβολικά τη βασιλεία του Θεού «κόλπο Αβραάμ», δηλαδή αγκαλιά του Αβραάμ. Η φράση
είναι συμβολική και σημαίνει: «κοντά στον Αβραάμ, κοντά στον Θεό».
145
v. Ο Παράδεισος και η κόλαση: όχι θεϊκή αμοιβή ή τιμωρία, αλλά ατελείωτη ζωή μέσα στην
αγκαλιά του Θεού ή απόλυτη άρνηση της μετοχής στη ζωή Του
Η πέμπτη σφραγίδα της Αποκάλυψης (Δομήνικος  Θεοτοκόπουλος)
","Β Λυκείου",""
"Page_147","Σελίδα 147","","Β Λυκείου",""
"Page_148","Σελίδα 148","","Β Λυκείου",""
"Page_149","Σελίδα 149","","Β Λυκείου",""
"Page_150","Σελίδα 150","","Β Λυκείου",""
"Page_151","Σελίδα 151","","Β Λυκείου",""
"Page_152","Σελίδα 152","","Β Λυκείου",""
"Page_153","Σελίδα 153","","Β Λυκείου",""
"Page_154","Σελίδα 154","","Β Λυκείου",""
"Page_155","Σελίδα 155","","Β Λυκείου",""
"Page_156","Σελίδα 156","","Β Λυκείου",""
"Page_157","Σελίδα 157","","Β Λυκείου",""
"Page_158","Σελίδα 158","","Β Λυκείου",""
"Page_159","Σελίδα 159","","Β Λυκείου",""
"Page_160","Σελίδα 160","","Β Λυκείου",""
"Page_161","Σελίδα 161","","Β Λυκείου",""
"Page_162","Σελίδα 162","","Β Λυκείου",""
